datetime,date,time,high,low,close,open,volume,symbolName
04/01/2026 04:00,2026-04-01,04:00:00,176.97,174.98,175.81,176.3,534889.0,NVDA
04/01/2026 04:05,2026-04-01,04:05:00,175.77,175.37,175.37,175.76,56530.0,NVDA
04/01/2026 04:10,2026-04-01,04:10:00,175.4,175.01,175.01,175.36,71674.0,NVDA
04/01/2026 04:15,2026-04-01,04:15:00,175.49,174.8,175.42,175.01,88230.0,NVDA
04/01/2026 04:20,2026-04-01,04:20:00,175.8,175.46,175.76,175.47,21316.0,NVDA
04/01/2026 04:25,2026-04-01,04:25:00,175.95,175.72,175.72,175.76,41862.0,NVDA
04/01/2026 04:30,2026-04-01,04:30:00,175.92,175.66,175.76,175.72,19195.0,NVDA
04/01/2026 04:35,2026-04-01,04:35:00,175.98,175.71,175.95,175.75,15224.0,NVDA
04/01/2026 04:40,2026-04-01,04:40:00,176.0,175.77,175.87,175.93,9488.0,NVDA
04/01/2026 04:45,2026-04-01,04:45:00,175.88,175.7,175.82,175.88,9994.0,NVDA
04/01/2026 04:50,2026-04-01,04:50:00,175.91,175.26,175.58,175.81,17844.0,NVDA
04/01/2026 04:55,2026-04-01,04:55:00,175.75,175.46,175.64,175.55,10469.0,NVDA
04/01/2026 05:00,2026-04-01,05:00:00,175.67,175.4,175.67,175.62,11307.0,NVDA
04/01/2026 05:05,2026-04-01,05:05:00,175.7,175.42,175.47,175.66,14194.0,NVDA
04/01/2026 05:10,2026-04-01,05:10:00,175.44,175.15,175.15,175.44,14783.0,NVDA
04/01/2026 05:15,2026-04-01,05:15:00,175.27,175.09,175.12,175.16,19526.0,NVDA
04/01/2026 05:20,2026-04-01,05:20:00,175.22,174.95,175.15,175.18,32673.0,NVDA
04/01/2026 05:25,2026-04-01,05:25:00,175.3,174.8,175.18,175.21,30957.0,NVDA
04/01/2026 05:30,2026-04-01,05:30:00,175.36,175.15,175.29,175.19,7574.0,NVDA
04/01/2026 05:35,2026-04-01,05:35:00,175.44,175.32,175.41,175.34,8921.0,NVDA
04/01/2026 05:40,2026-04-01,05:40:00,175.38,175.26,175.33,175.38,6797.0,NVDA
04/01/2026 05:45,2026-04-01,05:45:00,175.56,175.33,175.5,175.33,8025.0,NVDA
04/01/2026 05:50,2026-04-01,05:50:00,175.59,175.43,175.52,175.54,12040.0,NVDA
04/01/2026 05:55,2026-04-01,05:55:00,175.6,175.4,175.43,175.52,16939.0,NVDA
04/01/2026 06:00,2026-04-01,06:00:00,175.58,175.36,175.4,175.36,9257.0,NVDA
04/01/2026 06:05,2026-04-01,06:05:00,175.5,175.32,175.36,175.42,5880.0,NVDA
04/01/2026 06:10,2026-04-01,06:10:00,175.45,175.31,175.42,175.36,10308.0,NVDA
04/01/2026 06:15,2026-04-01,06:15:00,175.67,175.41,175.67,175.45,11521.0,NVDA
04/01/2026 06:20,2026-04-01,06:20:00,175.7,175.6,175.6,175.7,12851.0,NVDA
04/01/2026 06:25,2026-04-01,06:25:00,175.63,175.55,175.56,175.62,17813.0,NVDA
04/01/2026 06:30,2026-04-01,06:30:00,175.63,175.5,175.52,175.57,7089.0,NVDA
04/01/2026 06:35,2026-04-01,06:35:00,175.64,175.45,175.64,175.5,8070.0,NVDA
04/01/2026 06:40,2026-04-01,06:40:00,175.72,175.6,175.64,175.65,13479.0,NVDA
04/01/2026 06:45,2026-04-01,06:45:00,176.09,175.6,176.09,175.6,43184.0,NVDA
04/01/2026 06:50,2026-04-01,06:50:00,176.09,175.8,175.87,176.09,27758.0,NVDA
04/01/2026 06:55,2026-04-01,06:55:00,175.88,175.61,175.7,175.84,28054.0,NVDA
04/01/2026 07:00,2026-04-01,07:00:00,176.69,175.65,176.69,175.68,215195.0,NVDA
04/01/2026 07:05,2026-04-01,07:05:00,176.79,176.52,176.66,176.69,147560.0,NVDA
04/01/2026 07:10,2026-04-01,07:10:00,176.68,176.41,176.64,176.64,74126.0,NVDA
04/01/2026 07:15,2026-04-01,07:15:00,176.7,174.4,176.7,176.63,78532.0,NVDA
04/01/2026 07:20,2026-04-01,07:20:00,176.9,176.6,176.89,176.69,81324.0,NVDA
04/01/2026 07:25,2026-04-01,07:25:00,176.95,176.81,176.85,176.88,71303.0,NVDA
04/01/2026 07:30,2026-04-01,07:30:00,177.25,176.78,177.19,176.83,127019.0,NVDA
04/01/2026 07:35,2026-04-01,07:35:00,177.3,177.01,177.19,177.2,88172.0,NVDA
04/01/2026 07:40,2026-04-01,07:40:00,177.27,177.01,177.12,177.2,83879.0,NVDA
04/01/2026 07:45,2026-04-01,07:45:00,177.12,176.95,176.99,177.09,95912.0,NVDA
04/01/2026 07:50,2026-04-01,07:50:00,177.16,176.94,176.96,176.98,117203.0,NVDA
04/01/2026 07:55,2026-04-01,07:55:00,176.97,176.84,176.87,176.97,63055.0,NVDA
04/01/2026 08:00,2026-04-01,08:00:00,176.97,174.4,176.93,176.86,117388.0,NVDA
04/01/2026 08:05,2026-04-01,08:05:00,177.2,174.4,176.99,176.93,127149.0,NVDA
04/01/2026 08:10,2026-04-01,08:10:00,177.05,176.72,176.81,177.0,103139.0,NVDA
04/01/2026 08:15,2026-04-01,08:15:00,176.9,176.76,176.78,176.82,82613.0,NVDA
04/01/2026 08:20,2026-04-01,08:20:00,176.78,176.37,176.37,176.78,119337.0,NVDA
04/01/2026 08:25,2026-04-01,08:25:00,176.5,176.25,176.35,176.37,125997.0,NVDA
04/01/2026 08:30,2026-04-01,08:30:00,176.49,176.25,176.43,176.36,72966.0,NVDA
04/01/2026 08:35,2026-04-01,08:35:00,176.44,174.4,176.12,176.43,151531.0,NVDA
04/01/2026 08:40,2026-04-01,08:40:00,176.85,176.03,176.61,176.12,139921.0,NVDA
04/01/2026 08:45,2026-04-01,08:45:00,176.77,175.91,176.01,176.69,196815.0,NVDA
04/01/2026 08:50,2026-04-01,08:50:00,176.07,175.68,175.75,176.0,129141.0,NVDA
04/01/2026 08:55,2026-04-01,08:55:00,175.89,175.65,175.66,175.81,110518.0,NVDA
04/01/2026 09:00,2026-04-01,09:00:00,175.76,175.55,175.68,175.69,89570.0,NVDA
04/01/2026 09:05,2026-04-01,09:05:00,175.7,175.34,175.45,175.68,178557.0,NVDA
04/01/2026 09:10,2026-04-01,09:10:00,175.75,175.35,175.7,175.46,145790.0,NVDA
04/01/2026 09:15,2026-04-01,09:15:00,175.98,175.65,175.97,175.65,112165.0,NVDA
04/01/2026 09:20,2026-04-01,09:20:00,176.04,175.72,175.97,175.97,102574.0,NVDA
04/01/2026 09:25,2026-04-01,09:25:00,176.78,175.96,176.0,175.96,255148.0,NVDA
04/01/2026 09:30,2026-04-01,09:30:00,176.32,174.75,176.27,176.0,5172910.0,NVDA
04/01/2026 09:35,2026-04-01,09:35:00,176.6,175.95,176.55,176.28,3197090.0,NVDA
04/01/2026 09:40,2026-04-01,09:40:00,176.59,175.15,175.61,176.57,3258655.0,NVDA
04/01/2026 09:45,2026-04-01,09:45:00,175.97,175.54,175.68,175.6,3030377.0,NVDA
04/01/2026 09:50,2026-04-01,09:50:00,176.09,175.59,175.63,175.68,2403598.0,NVDA
04/01/2026 09:55,2026-04-01,09:55:00,176.13,175.45,175.89,175.64,1894586.0,NVDA
04/01/2026 10:00,2026-04-01,10:00:00,176.04,175.59,175.88,175.9,1892729.0,NVDA
04/01/2026 10:05,2026-04-01,10:05:00,176.09,175.58,175.81,175.88,1636535.0,NVDA
04/01/2026 10:10,2026-04-01,10:10:00,176.18,175.54,176.18,175.81,2013996.0,NVDA
04/01/2026 10:15,2026-04-01,10:15:00,176.42,175.85,176.03,176.18,1827511.0,NVDA
04/01/2026 10:20,2026-04-01,10:20:00,176.26,175.77,175.96,176.02,2287855.0,NVDA
04/01/2026 10:25,2026-04-01,10:25:00,176.27,175.92,176.2,175.96,1433421.0,NVDA
04/01/2026 10:30,2026-04-01,10:30:00,176.36,175.72,175.84,176.19,1632401.0,NVDA
04/01/2026 10:35,2026-04-01,10:35:00,176.3,175.5,176.14,175.84,2059170.0,NVDA
04/01/2026 10:40,2026-04-01,10:40:00,176.15,175.83,175.97,176.13,1312984.0,NVDA
04/01/2026 10:45,2026-04-01,10:45:00,176.41,175.8,176.34,175.97,1552534.0,NVDA
04/01/2026 10:50,2026-04-01,10:50:00,176.69,176.24,176.62,176.34,1895760.0,NVDA
04/01/2026 10:55,2026-04-01,10:55:00,176.71,176.33,176.68,176.61,1526522.0,NVDA
04/01/2026 11:00,2026-04-01,11:00:00,177.04,176.62,176.95,176.68,1958378.0,NVDA
04/01/2026 11:05,2026-04-01,11:05:00,177.12,176.81,176.97,176.96,1386675.0,NVDA
04/01/2026 11:10,2026-04-01,11:10:00,177.02,176.7,176.84,176.97,1458465.0,NVDA
04/01/2026 11:15,2026-04-01,11:15:00,176.96,176.65,176.8,176.84,1143253.0,NVDA
04/01/2026 11:20,2026-04-01,11:20:00,176.94,176.63,176.76,176.8,1313498.0,NVDA
04/01/2026 11:25,2026-04-01,11:25:00,176.88,176.48,176.49,176.77,1118126.0,NVDA
04/01/2026 11:30,2026-04-01,11:30:00,176.61,176.4,176.5,176.48,1087864.0,NVDA
04/01/2026 11:35,2026-04-01,11:35:00,176.88,176.49,176.87,176.5,1162588.0,NVDA
04/01/2026 11:40,2026-04-01,11:40:00,176.92,176.63,176.86,176.87,918570.0,NVDA
04/01/2026 11:45,2026-04-01,11:45:00,177.02,176.79,176.83,176.86,1029113.0,NVDA
04/01/2026 11:50,2026-04-01,11:50:00,177.07,176.75,177.0,176.84,757681.0,NVDA
04/01/2026 11:55,2026-04-01,11:55:00,177.27,176.99,177.11,176.99,1434363.0,NVDA
04/01/2026 12:00,2026-04-01,12:00:00,177.15,176.9,177.05,177.11,996352.0,NVDA
04/01/2026 12:05,2026-04-01,12:05:00,177.34,176.94,177.33,177.05,1000273.0,NVDA
04/01/2026 12:10,2026-04-01,12:10:00,177.37,176.94,177.17,177.33,1115509.0,NVDA
04/01/2026 12:15,2026-04-01,12:15:00,177.17,176.9,177.11,177.17,1120334.0,NVDA
04/01/2026 12:20,2026-04-01,12:20:00,177.34,177.03,177.23,177.11,1056025.0,NVDA
04/01/2026 12:25,2026-04-01,12:25:00,177.37,177.08,177.1,177.24,858606.0,NVDA
04/01/2026 12:30,2026-04-01,12:30:00,177.13,176.92,177.05,177.1,1030844.0,NVDA
04/01/2026 12:35,2026-04-01,12:35:00,177.17,176.97,177.0,177.05,658655.0,NVDA
04/01/2026 12:40,2026-04-01,12:40:00,177.05,176.81,176.85,177.0,970717.0,NVDA
04/01/2026 12:45,2026-04-01,12:45:00,176.89,176.62,176.64,176.86,864141.0,NVDA
04/01/2026 12:50,2026-04-01,12:50:00,176.83,176.63,176.72,176.64,853271.0,NVDA
04/01/2026 12:55,2026-04-01,12:55:00,176.78,176.61,176.66,176.72,658947.0,NVDA
04/01/2026 13:00,2026-04-01,13:00:00,176.94,176.62,176.87,176.65,869752.0,NVDA
04/01/2026 13:05,2026-04-01,13:05:00,177.09,176.8,176.84,176.86,935744.0,NVDA
04/01/2026 13:10,2026-04-01,13:10:00,176.93,176.82,176.88,176.84,519478.0,NVDA
04/01/2026 13:15,2026-04-01,13:15:00,176.92,176.73,176.87,176.89,611452.0,NVDA
04/01/2026 13:20,2026-04-01,13:20:00,176.94,176.79,176.84,176.87,510093.0,NVDA
04/01/2026 13:25,2026-04-01,13:25:00,176.87,176.66,176.67,176.84,479074.0,NVDA
04/01/2026 13:30,2026-04-01,13:30:00,176.72,176.43,176.49,176.67,867046.0,NVDA
04/01/2026 13:35,2026-04-01,13:35:00,176.65,176.44,176.59,176.49,924459.0,NVDA
04/01/2026 13:40,2026-04-01,13:40:00,176.6,176.39,176.43,176.58,651986.0,NVDA
04/01/2026 13:45,2026-04-01,13:45:00,176.58,176.35,176.39,176.44,782457.0,NVDA
04/01/2026 13:50,2026-04-01,13:50:00,176.42,176.13,176.21,176.39,965577.0,NVDA
04/01/2026 13:55,2026-04-01,13:55:00,176.24,175.85,175.95,176.21,1105246.0,NVDA
04/01/2026 14:00,2026-04-01,14:00:00,176.03,175.4,175.54,175.94,1378992.0,NVDA
04/01/2026 14:05,2026-04-01,14:05:00,175.73,175.4,175.54,175.54,1209297.0,NVDA
04/01/2026 14:10,2026-04-01,14:10:00,175.75,175.51,175.56,175.55,737106.0,NVDA
04/01/2026 14:15,2026-04-01,14:15:00,175.59,175.05,175.25,175.56,1396285.0,NVDA
04/01/2026 14:20,2026-04-01,14:20:00,175.34,174.98,175.03,175.24,1479133.0,NVDA
04/01/2026 14:25,2026-04-01,14:25:00,175.29,174.85,175.08,175.04,1409730.0,NVDA
04/01/2026 14:30,2026-04-01,14:30:00,175.22,174.91,175.02,175.08,1018076.0,NVDA
04/01/2026 14:35,2026-04-01,14:35:00,175.29,174.8,175.22,175.02,1260038.0,NVDA
04/01/2026 14:40,2026-04-01,14:40:00,175.67,175.21,175.46,175.22,1453745.0,NVDA
04/01/2026 14:45,2026-04-01,14:45:00,175.52,175.21,175.38,175.46,891054.0,NVDA
04/01/2026 14:50,2026-04-01,14:50:00,175.54,175.29,175.49,175.37,550327.0,NVDA
04/01/2026 14:55,2026-04-01,14:55:00,175.62,175.37,175.47,175.49,816118.0,NVDA
04/01/2026 15:00,2026-04-01,15:00:00,175.78,175.4,175.59,175.46,853151.0,NVDA
04/01/2026 15:05,2026-04-01,15:05:00,175.86,175.59,175.78,175.59,906632.0,NVDA
04/01/2026 15:10,2026-04-01,15:10:00,175.88,175.49,175.75,175.78,1065508.0,NVDA
04/01/2026 15:15,2026-04-01,15:15:00,176.0,175.65,175.94,175.75,1045907.0,NVDA
04/01/2026 15:20,2026-04-01,15:20:00,176.05,175.84,175.97,175.95,976264.0,NVDA
04/01/2026 15:25,2026-04-01,15:25:00,176.32,175.97,176.01,175.97,1204491.0,NVDA
04/01/2026 15:30,2026-04-01,15:30:00,176.2,175.83,176.08,176.0,1199132.0,NVDA
04/01/2026 15:35,2026-04-01,15:35:00,176.11,175.76,176.02,176.08,983156.0,NVDA
04/01/2026 15:40,2026-04-01,15:40:00,176.26,175.98,176.1,176.02,1092523.0,NVDA
04/01/2026 15:45,2026-04-01,15:45:00,176.24,176.01,176.13,176.11,1189189.0,NVDA
04/01/2026 15:50,2026-04-01,15:50:00,176.2,175.61,175.81,176.14,1687056.0,NVDA
04/01/2026 15:55,2026-04-01,15:55:00,175.88,175.5,175.8,175.8,3093067.0,NVDA
04/01/2026 16:00,2026-04-01,16:00:00,175.82,175.57,175.67,175.81,18524182.0,NVDA
04/01/2026 16:05,2026-04-01,16:05:00,176.15,175.6,175.75,175.64,194356.0,NVDA
04/01/2026 16:10,2026-04-01,16:10:00,175.83,175.7,175.76,175.74,56984.0,NVDA
04/01/2026 16:15,2026-04-01,16:15:00,175.78,175.7,175.77,175.76,13961.0,NVDA
04/01/2026 16:20,2026-04-01,16:20:00,175.77,175.69,175.75,175.77,19997.0,NVDA
04/01/2026 16:25,2026-04-01,16:25:00,175.73,175.56,175.59,175.72,32557.0,NVDA
04/01/2026 16:30,2026-04-01,16:30:00,175.83,175.6,175.74,175.6,34634.0,NVDA
04/01/2026 16:35,2026-04-01,16:35:00,175.81,175.71,175.81,175.72,16824.0,NVDA
04/01/2026 16:40,2026-04-01,16:40:00,175.89,175.8,175.88,175.8,24996.0,NVDA
04/01/2026 16:45,2026-04-01,16:45:00,175.88,175.62,175.82,175.82,14327.0,NVDA
04/01/2026 16:50,2026-04-01,16:50:00,175.84,175.78,175.82,175.79,4356.0,NVDA
04/01/2026 16:55,2026-04-01,16:55:00,175.87,175.67,175.68,175.81,17261.0,NVDA
04/01/2026 17:00,2026-04-01,17:00:00,175.89,175.74,175.86,175.74,22610.0,NVDA
04/01/2026 17:05,2026-04-01,17:05:00,175.98,175.86,175.95,175.87,32361.0,NVDA
04/01/2026 17:10,2026-04-01,17:10:00,175.98,175.88,175.88,175.96,22833.0,NVDA
04/01/2026 17:15,2026-04-01,17:15:00,175.89,175.76,175.78,175.89,26150.0,NVDA
04/01/2026 17:20,2026-04-01,17:20:00,175.85,175.77,175.8,175.85,16881.0,NVDA
04/01/2026 17:25,2026-04-01,17:25:00,175.88,175.78,175.86,175.78,9606.0,NVDA
04/01/2026 17:30,2026-04-01,17:30:00,175.87,175.82,175.84,175.86,3398.0,NVDA
04/01/2026 17:35,2026-04-01,17:35:00,175.84,175.82,175.82,175.84,12969.0,NVDA
04/01/2026 17:40,2026-04-01,17:40:00,175.93,175.82,175.92,175.83,18351.0,NVDA
04/01/2026 17:45,2026-04-01,17:45:00,175.93,175.9,175.9,175.93,4070.0,NVDA
04/01/2026 17:50,2026-04-01,17:50:00,175.92,175.89,175.9,175.9,9896.0,NVDA
04/01/2026 17:55,2026-04-01,17:55:00,175.9,175.83,175.85,175.89,18725.0,NVDA
04/01/2026 18:00,2026-04-01,18:00:00,175.97,175.82,175.88,175.85,39637.0,NVDA
04/01/2026 18:05,2026-04-01,18:05:00,175.93,175.84,175.85,175.93,9628.0,NVDA
04/01/2026 18:10,2026-04-01,18:10:00,176.65,175.76,176.65,175.86,113635.0,NVDA
04/01/2026 18:15,2026-04-01,18:15:00,176.65,176.06,176.23,176.65,37670.0,NVDA
04/01/2026 18:20,2026-04-01,18:20:00,176.4,176.1,176.27,176.2,18168.0,NVDA
04/01/2026 18:25,2026-04-01,18:25:00,176.46,176.25,176.45,176.3,20394.0,NVDA
04/01/2026 18:30,2026-04-01,18:30:00,176.45,176.29,176.36,176.42,6452.0,NVDA
04/01/2026 18:35,2026-04-01,18:35:00,176.39,176.3,176.3,176.36,8316.0,NVDA
04/01/2026 18:40,2026-04-01,18:40:00,176.45,176.25,176.41,176.28,13175.0,NVDA
04/01/2026 18:45,2026-04-01,18:45:00,176.45,176.4,176.43,176.42,24861.0,NVDA
04/01/2026 18:50,2026-04-01,18:50:00,176.43,176.1,176.12,176.42,20984.0,NVDA
04/01/2026 18:55,2026-04-01,18:55:00,176.25,176.1,176.22,176.19,6891.0,NVDA
04/01/2026 19:00,2026-04-01,19:00:00,176.22,176.13,176.13,176.16,5437.0,NVDA
04/01/2026 19:05,2026-04-01,19:05:00,176.26,176.15,176.24,176.16,12065.0,NVDA
04/01/2026 19:10,2026-04-01,19:10:00,176.35,176.21,176.31,176.24,22939.0,NVDA
04/01/2026 19:15,2026-04-01,19:15:00,176.45,176.26,176.29,176.35,9452.0,NVDA
04/01/2026 19:20,2026-04-01,19:20:00,176.3,176.25,176.27,176.27,6391.0,NVDA
04/01/2026 19:25,2026-04-01,19:25:00,176.38,176.29,176.38,176.33,11222.0,NVDA
04/01/2026 19:30,2026-04-01,19:30:00,176.39,176.2,176.2,176.38,15149.0,NVDA
04/01/2026 19:35,2026-04-01,19:35:00,176.2,176.12,176.15,176.2,7838.0,NVDA
04/01/2026 19:40,2026-04-01,19:40:00,176.2,176.16,176.16,176.18,10517.0,NVDA
04/01/2026 19:45,2026-04-01,19:45:00,176.26,176.16,176.25,176.18,10947.0,NVDA
04/01/2026 19:50,2026-04-01,19:50:00,176.21,176.05,176.12,176.2,11849.0,NVDA
04/01/2026 19:55,2026-04-01,19:55:00,176.15,176.04,176.07,176.05,27969.0,NVDA
04/02/2026 04:00,2026-04-02,04:00:00,172.75,170.9,171.95,172.14,539672.0,NVDA
04/02/2026 04:05,2026-04-02,04:05:00,171.93,171.6,171.72,171.93,26443.0,NVDA
04/02/2026 04:10,2026-04-02,04:10:00,172.0,171.6,171.85,171.72,16178.0,NVDA
04/02/2026 04:15,2026-04-02,04:15:00,171.9,171.75,171.76,171.79,5240.0,NVDA
04/02/2026 04:20,2026-04-02,04:20:00,171.8,171.6,171.6,171.76,10123.0,NVDA
04/02/2026 04:25,2026-04-02,04:25:00,171.74,171.64,171.71,171.64,4373.0,NVDA
04/02/2026 04:30,2026-04-02,04:30:00,172.0,171.74,171.87,171.8,13879.0,NVDA
04/02/2026 04:35,2026-04-02,04:35:00,171.96,171.82,171.92,171.96,4487.0,NVDA
04/02/2026 04:40,2026-04-02,04:40:00,172.04,171.84,171.85,171.91,25476.0,NVDA
04/02/2026 04:45,2026-04-02,04:45:00,171.9,171.75,171.8,171.89,17610.0,NVDA
04/02/2026 04:50,2026-04-02,04:50:00,171.85,171.7,171.75,171.75,11186.0,NVDA
04/02/2026 04:55,2026-04-02,04:55:00,171.75,171.6,171.66,171.75,7244.0,NVDA
04/02/2026 05:00,2026-04-02,05:00:00,171.84,171.64,171.64,171.69,5674.0,NVDA
04/02/2026 05:05,2026-04-02,05:05:00,171.69,171.6,171.6,171.67,7526.0,NVDA
04/02/2026 05:10,2026-04-02,05:10:00,171.7,171.55,171.7,171.58,4556.0,NVDA
04/02/2026 05:15,2026-04-02,05:15:00,171.68,171.56,171.62,171.6,6703.0,NVDA
04/02/2026 05:20,2026-04-02,05:20:00,171.79,171.6,171.78,171.62,7852.0,NVDA
04/02/2026 05:25,2026-04-02,05:25:00,171.95,171.72,171.79,171.78,16914.0,NVDA
04/02/2026 05:30,2026-04-02,05:30:00,171.84,171.75,171.75,171.84,6829.0,NVDA
04/02/2026 05:35,2026-04-02,05:35:00,171.79,171.65,171.77,171.78,11275.0,NVDA
04/02/2026 05:40,2026-04-02,05:40:00,171.77,171.7,171.74,171.7,6200.0,NVDA
04/02/2026 05:45,2026-04-02,05:45:00,171.74,171.65,171.71,171.73,7314.0,NVDA
04/02/2026 05:50,2026-04-02,05:50:00,171.82,171.7,171.81,171.7,12013.0,NVDA
04/02/2026 05:55,2026-04-02,05:55:00,171.9,171.68,171.77,171.81,11856.0,NVDA
04/02/2026 06:00,2026-04-02,06:00:00,171.75,171.6,171.6,171.7,21435.0,NVDA
04/02/2026 06:05,2026-04-02,06:05:00,171.73,171.55,171.61,171.61,9958.0,NVDA
04/02/2026 06:10,2026-04-02,06:10:00,171.61,171.24,171.32,171.6,39496.0,NVDA
04/02/2026 06:15,2026-04-02,06:15:00,171.42,171.28,171.3,171.3,8240.0,NVDA
04/02/2026 06:20,2026-04-02,06:20:00,171.36,171.23,171.33,171.27,9135.0,NVDA
04/02/2026 06:25,2026-04-02,06:25:00,171.4,171.23,171.23,171.39,2480.0,NVDA
04/02/2026 06:30,2026-04-02,06:30:00,171.58,171.1,171.56,171.24,17325.0,NVDA
04/02/2026 06:35,2026-04-02,06:35:00,171.7,171.47,171.47,171.57,12243.0,NVDA
04/02/2026 06:40,2026-04-02,06:40:00,171.64,171.3,171.5,171.47,28659.0,NVDA
04/02/2026 06:45,2026-04-02,06:45:00,171.65,171.5,171.65,171.55,6403.0,NVDA
04/02/2026 06:50,2026-04-02,06:50:00,171.59,171.4,171.48,171.53,13598.0,NVDA
04/02/2026 06:55,2026-04-02,06:55:00,171.76,171.4,171.75,171.46,21422.0,NVDA
04/02/2026 07:00,2026-04-02,07:00:00,171.96,171.71,171.8,171.78,161850.0,NVDA
04/02/2026 07:05,2026-04-02,07:05:00,171.77,171.31,171.38,171.77,69424.0,NVDA
04/02/2026 07:10,2026-04-02,07:10:00,171.43,171.21,171.22,171.43,60099.0,NVDA
04/02/2026 07:15,2026-04-02,07:15:00,171.22,170.83,170.98,171.21,136156.0,NVDA
04/02/2026 07:20,2026-04-02,07:20:00,171.09,170.74,170.89,171.0,68154.0,NVDA
04/02/2026 07:25,2026-04-02,07:25:00,170.91,170.66,170.67,170.9,52964.0,NVDA
04/02/2026 07:30,2026-04-02,07:30:00,170.91,170.63,170.76,170.67,77724.0,NVDA
04/02/2026 07:35,2026-04-02,07:35:00,170.8,170.53,170.55,170.8,64440.0,NVDA
04/02/2026 07:40,2026-04-02,07:40:00,170.74,170.43,170.66,170.53,79782.0,NVDA
04/02/2026 07:45,2026-04-02,07:45:00,170.71,170.5,170.6,170.67,57625.0,NVDA
04/02/2026 07:50,2026-04-02,07:50:00,170.79,170.43,170.7,170.6,71381.0,NVDA
04/02/2026 07:55,2026-04-02,07:55:00,170.77,170.33,170.33,170.71,59238.0,NVDA
04/02/2026 08:00,2026-04-02,08:00:00,170.49,170.21,170.37,170.37,71973.0,NVDA
04/02/2026 08:05,2026-04-02,08:05:00,170.74,170.33,170.68,170.4,89642.0,NVDA
04/02/2026 08:10,2026-04-02,08:10:00,170.69,170.35,170.55,170.69,89503.0,NVDA
04/02/2026 08:15,2026-04-02,08:15:00,170.78,170.33,170.76,170.56,165735.0,NVDA
04/02/2026 08:20,2026-04-02,08:20:00,171.03,170.74,170.98,170.76,97648.0,NVDA
04/02/2026 08:25,2026-04-02,08:25:00,171.12,170.7,170.77,170.96,67740.0,NVDA
04/02/2026 08:30,2026-04-02,08:30:00,171.09,170.75,171.0,170.79,74229.0,NVDA
04/02/2026 08:35,2026-04-02,08:35:00,171.07,170.83,171.04,170.99,28992.0,NVDA
04/02/2026 08:40,2026-04-02,08:40:00,171.05,170.88,170.94,171.04,42489.0,NVDA
04/02/2026 08:45,2026-04-02,08:45:00,171.3,170.91,171.25,170.94,58631.0,NVDA
04/02/2026 08:50,2026-04-02,08:50:00,171.33,171.14,171.27,171.21,75008.0,NVDA
04/02/2026 08:55,2026-04-02,08:55:00,171.34,170.91,170.95,171.29,61967.0,NVDA
04/02/2026 09:00,2026-04-02,09:00:00,171.11,170.88,170.95,170.98,57265.0,NVDA
04/02/2026 09:05,2026-04-02,09:05:00,171.2,170.9,171.09,170.97,57548.0,NVDA
04/02/2026 09:10,2026-04-02,09:10:00,171.05,170.64,170.69,171.04,117790.0,NVDA
04/02/2026 09:15,2026-04-02,09:15:00,170.95,170.65,170.73,170.7,69101.0,NVDA
04/02/2026 09:20,2026-04-02,09:20:00,170.98,170.7,170.72,170.72,61112.0,NVDA
04/02/2026 09:25,2026-04-02,09:25:00,172.34,170.5,172.18,170.8,430813.0,NVDA
04/02/2026 09:30,2026-04-02,09:30:00,173.75,171.92,173.47,172.18,5885674.0,NVDA
04/02/2026 09:35,2026-04-02,09:35:00,173.48,171.48,171.54,173.47,3946089.0,NVDA
04/02/2026 09:40,2026-04-02,09:40:00,172.07,171.37,172.04,171.54,2595773.0,NVDA
04/02/2026 09:45,2026-04-02,09:45:00,172.84,171.83,172.56,172.05,2931463.0,NVDA
04/02/2026 09:50,2026-04-02,09:50:00,173.55,172.48,173.35,172.56,2716918.0,NVDA
04/02/2026 09:55,2026-04-02,09:55:00,174.18,173.07,174.07,173.35,2492085.0,NVDA
04/02/2026 10:00,2026-04-02,10:00:00,174.21,173.62,173.86,174.08,1869338.0,NVDA
04/02/2026 10:05,2026-04-02,10:05:00,174.61,173.68,174.21,173.86,2153637.0,NVDA
04/02/2026 10:10,2026-04-02,10:10:00,174.57,173.96,174.25,174.18,1481389.0,NVDA
04/02/2026 10:15,2026-04-02,10:15:00,175.06,174.18,175.02,174.26,1986583.0,NVDA
04/02/2026 10:20,2026-04-02,10:20:00,175.1,174.59,174.81,175.02,1601784.0,NVDA
04/02/2026 10:25,2026-04-02,10:25:00,174.85,174.0,174.05,174.81,1678962.0,NVDA
04/02/2026 10:30,2026-04-02,10:30:00,174.86,173.92,174.78,174.03,1461681.0,NVDA
04/02/2026 10:35,2026-04-02,10:35:00,176.7,174.75,176.42,174.79,3397390.0,NVDA
04/02/2026 10:40,2026-04-02,10:40:00,176.62,175.56,176.36,176.42,1810869.0,NVDA
04/02/2026 10:45,2026-04-02,10:45:00,176.55,175.55,175.59,176.36,1590924.0,NVDA
04/02/2026 10:50,2026-04-02,10:50:00,176.06,175.13,175.94,175.59,1776336.0,NVDA
04/02/2026 10:55,2026-04-02,10:55:00,176.51,175.91,176.33,175.93,1754448.0,NVDA
04/02/2026 11:00,2026-04-02,11:00:00,176.45,175.76,176.43,176.35,1450043.0,NVDA
04/02/2026 11:05,2026-04-02,11:05:00,176.54,176.05,176.53,176.41,1143776.0,NVDA
04/02/2026 11:10,2026-04-02,11:10:00,177.15,176.48,176.75,176.53,1921994.0,NVDA
04/02/2026 11:15,2026-04-02,11:15:00,176.91,176.44,176.66,176.76,1174340.0,NVDA
04/02/2026 11:20,2026-04-02,11:20:00,176.7,176.21,176.61,176.67,1286488.0,NVDA
04/02/2026 11:25,2026-04-02,11:25:00,176.97,176.29,176.69,176.61,1351465.0,NVDA
04/02/2026 11:30,2026-04-02,11:30:00,176.77,176.24,176.55,176.7,1001143.0,NVDA
04/02/2026 11:35,2026-04-02,11:35:00,177.02,176.49,176.75,176.52,1303416.0,NVDA
04/02/2026 11:40,2026-04-02,11:40:00,177.02,176.55,176.96,176.76,1212238.0,NVDA
04/02/2026 11:45,2026-04-02,11:45:00,176.97,176.55,176.6,176.96,1027645.0,NVDA
04/02/2026 11:50,2026-04-02,11:50:00,176.62,176.08,176.58,176.59,1365167.0,NVDA
04/02/2026 11:55,2026-04-02,11:55:00,176.63,176.3,176.51,176.59,799229.0,NVDA
04/02/2026 12:00,2026-04-02,12:00:00,176.76,176.16,176.27,176.51,919159.0,NVDA
04/02/2026 12:05,2026-04-02,12:05:00,176.35,175.9,176.12,176.25,1079995.0,NVDA
04/02/2026 12:10,2026-04-02,12:10:00,176.29,175.92,176.14,176.12,873462.0,NVDA
04/02/2026 12:15,2026-04-02,12:15:00,176.32,175.78,175.81,176.13,797652.0,NVDA
04/02/2026 12:20,2026-04-02,12:20:00,176.1,175.72,175.87,175.81,744359.0,NVDA
04/02/2026 12:25,2026-04-02,12:25:00,176.34,175.84,176.13,175.88,894962.0,NVDA
04/02/2026 12:30,2026-04-02,12:30:00,176.48,175.97,176.39,176.12,825963.0,NVDA
04/02/2026 12:35,2026-04-02,12:35:00,176.5,175.77,176.21,176.4,1067818.0,NVDA
04/02/2026 12:40,2026-04-02,12:40:00,176.85,176.16,176.48,176.19,875950.0,NVDA
04/02/2026 12:45,2026-04-02,12:45:00,176.63,176.35,176.47,176.5,490356.0,NVDA
04/02/2026 12:50,2026-04-02,12:50:00,176.63,176.34,176.57,176.46,503886.0,NVDA
04/02/2026 12:55,2026-04-02,12:55:00,176.58,176.38,176.4,176.58,516778.0,NVDA
04/02/2026 13:00,2026-04-02,13:00:00,176.47,176.2,176.41,176.4,599356.0,NVDA
04/02/2026 13:05,2026-04-02,13:05:00,176.53,176.28,176.45,176.41,561258.0,NVDA
04/02/2026 13:10,2026-04-02,13:10:00,176.78,176.33,176.7,176.45,621846.0,NVDA
04/02/2026 13:15,2026-04-02,13:15:00,176.92,176.62,176.72,176.69,626144.0,NVDA
04/02/2026 13:20,2026-04-02,13:20:00,176.79,176.6,176.72,176.72,447034.0,NVDA
04/02/2026 13:25,2026-04-02,13:25:00,176.83,176.71,176.78,176.73,436266.0,NVDA
04/02/2026 13:30,2026-04-02,13:30:00,176.85,176.67,176.76,176.79,463971.0,NVDA
04/02/2026 13:35,2026-04-02,13:35:00,176.82,176.55,176.81,176.75,559658.0,NVDA
04/02/2026 13:40,2026-04-02,13:40:00,176.88,176.63,176.73,176.81,508821.0,NVDA
04/02/2026 13:45,2026-04-02,13:45:00,176.8,176.25,176.28,176.72,792781.0,NVDA
04/02/2026 13:50,2026-04-02,13:50:00,176.48,176.11,176.44,176.27,734829.0,NVDA
04/02/2026 13:55,2026-04-02,13:55:00,176.62,176.3,176.39,176.44,664895.0,NVDA
04/02/2026 14:00,2026-04-02,14:00:00,176.75,176.38,176.73,176.39,675208.0,NVDA
04/02/2026 14:05,2026-04-02,14:05:00,176.94,176.69,176.85,176.73,727273.0,NVDA
04/02/2026 14:10,2026-04-02,14:10:00,177.05,176.72,176.78,176.85,964995.0,NVDA
04/02/2026 14:15,2026-04-02,14:15:00,176.89,176.6,176.75,176.78,562581.0,NVDA
04/02/2026 14:20,2026-04-02,14:20:00,176.85,176.74,176.75,176.75,442630.0,NVDA
04/02/2026 14:25,2026-04-02,14:25:00,176.79,176.51,176.54,176.75,647757.0,NVDA
04/02/2026 14:30,2026-04-02,14:30:00,176.82,176.52,176.75,176.55,588646.0,NVDA
04/02/2026 14:35,2026-04-02,14:35:00,176.8,176.65,176.73,176.75,522121.0,NVDA
04/02/2026 14:40,2026-04-02,14:40:00,177.15,176.71,177.03,176.73,958798.0,NVDA
04/02/2026 14:45,2026-04-02,14:45:00,177.06,176.93,176.95,177.03,600546.0,NVDA
04/02/2026 14:50,2026-04-02,14:50:00,177.07,176.88,176.92,176.95,623032.0,NVDA
04/02/2026 14:55,2026-04-02,14:55:00,177.01,176.74,176.84,176.92,655107.0,NVDA
04/02/2026 15:00,2026-04-02,15:00:00,177.05,176.84,176.95,176.84,750088.0,NVDA
04/02/2026 15:05,2026-04-02,15:05:00,177.13,176.9,177.09,176.95,721064.0,NVDA
04/02/2026 15:10,2026-04-02,15:10:00,177.47,177.09,177.3,177.1,1230957.0,NVDA
04/02/2026 15:15,2026-04-02,15:15:00,177.38,177.04,177.15,177.3,800645.0,NVDA
04/02/2026 15:20,2026-04-02,15:20:00,177.24,176.96,177.12,177.15,946327.0,NVDA
04/02/2026 15:25,2026-04-02,15:25:00,177.16,176.88,176.91,177.11,870114.0,NVDA
04/02/2026 15:30,2026-04-02,15:30:00,177.07,176.86,177.03,176.9,754709.0,NVDA
04/02/2026 15:35,2026-04-02,15:35:00,177.18,176.91,177.13,177.02,789882.0,NVDA
04/02/2026 15:40,2026-04-02,15:40:00,177.17,176.95,176.98,177.13,903944.0,NVDA
04/02/2026 15:45,2026-04-02,15:45:00,177.11,176.89,176.99,176.98,768176.0,NVDA
04/02/2026 15:50,2026-04-02,15:50:00,177.45,176.99,177.3,176.99,1642677.0,NVDA
04/02/2026 15:55,2026-04-02,15:55:00,177.49,177.17,177.4,177.29,2874979.0,NVDA
04/02/2026 16:00,2026-04-02,16:00:00,177.41,177.03,177.39,177.39,10074208.0,NVDA
04/02/2026 16:05,2026-04-02,16:05:00,177.49,177.27,177.28,177.38,58097.0,NVDA
04/02/2026 16:10,2026-04-02,16:10:00,177.33,177.05,177.15,177.28,109064.0,NVDA
04/02/2026 16:15,2026-04-02,16:15:00,177.2,177.05,177.2,177.14,43121.0,NVDA
04/02/2026 16:20,2026-04-02,16:20:00,177.25,177.13,177.22,177.19,21395.0,NVDA
04/02/2026 16:25,2026-04-02,16:25:00,177.25,177.17,177.2,177.22,26315.0,NVDA
04/02/2026 16:30,2026-04-02,16:30:00,177.25,177.12,177.13,177.2,25394.0,NVDA
04/02/2026 16:35,2026-04-02,16:35:00,177.17,177.12,177.14,177.16,9134.0,NVDA
04/02/2026 16:40,2026-04-02,16:40:00,177.13,177.08,177.08,177.13,22045.0,NVDA
04/02/2026 16:45,2026-04-02,16:45:00,177.14,177.08,177.1,177.1,11219.0,NVDA
04/02/2026 16:50,2026-04-02,16:50:00,177.1,177.04,177.04,177.1,16040.0,NVDA
04/02/2026 16:55,2026-04-02,16:55:00,177.08,176.99,177.05,177.04,29759.0,NVDA
04/02/2026 17:00,2026-04-02,17:00:00,177.04,176.99,176.99,177.01,7911.0,NVDA
04/02/2026 17:05,2026-04-02,17:05:00,177.0,176.93,177.0,176.95,17601.0,NVDA
04/02/2026 17:10,2026-04-02,17:10:00,176.98,176.75,176.85,176.97,38504.0,NVDA
04/02/2026 17:15,2026-04-02,17:15:00,176.97,176.8,176.9,176.89,19631.0,NVDA
04/02/2026 17:20,2026-04-02,17:20:00,176.95,176.87,176.87,176.9,5913.0,NVDA
04/02/2026 17:25,2026-04-02,17:25:00,177.39,176.84,176.86,176.89,12565.0,NVDA
04/02/2026 17:30,2026-04-02,17:30:00,176.86,176.8,176.81,176.85,15394.0,NVDA
04/02/2026 17:35,2026-04-02,17:35:00,176.83,176.78,176.82,176.8,28535.0,NVDA
04/02/2026 17:40,2026-04-02,17:40:00,176.95,176.81,176.9,176.81,40906.0,NVDA
04/02/2026 17:45,2026-04-02,17:45:00,176.94,176.82,176.91,176.94,14821.0,NVDA
04/02/2026 17:50,2026-04-02,17:50:00,176.91,176.87,176.88,176.91,12124.0,NVDA
04/02/2026 17:55,2026-04-02,17:55:00,176.9,176.87,176.9,176.88,9015.0,NVDA
04/02/2026 18:00,2026-04-02,18:00:00,176.94,176.87,176.9,176.94,17057.0,NVDA
04/02/2026 18:05,2026-04-02,18:05:00,176.9,176.86,176.88,176.88,16787.0,NVDA
04/02/2026 18:10,2026-04-02,18:10:00,176.9,176.84,176.87,176.84,6959.0,NVDA
04/02/2026 18:15,2026-04-02,18:15:00,177.0,176.86,176.98,176.88,37236.0,NVDA
04/02/2026 18:20,2026-04-02,18:20:00,176.91,176.83,176.85,176.91,8890.0,NVDA
04/02/2026 18:25,2026-04-02,18:25:00,176.91,176.82,176.91,176.83,27020.0,NVDA
04/02/2026 18:30,2026-04-02,18:30:00,176.89,176.8,176.86,176.85,6276.0,NVDA
04/02/2026 18:35,2026-04-02,18:35:00,176.87,176.81,176.82,176.84,10037.0,NVDA
04/02/2026 18:40,2026-04-02,18:40:00,176.86,176.81,176.81,176.86,5480.0,NVDA
04/02/2026 18:45,2026-04-02,18:45:00,176.84,176.8,176.84,176.82,9158.0,NVDA
04/02/2026 18:50,2026-04-02,18:50:00,176.85,176.8,176.8,176.84,7735.0,NVDA
04/02/2026 18:55,2026-04-02,18:55:00,176.8,176.7,176.73,176.8,12134.0,NVDA
04/02/2026 19:00,2026-04-02,19:00:00,176.79,176.7,176.74,176.74,8874.0,NVDA
04/02/2026 19:05,2026-04-02,19:05:00,176.76,176.67,176.68,176.75,7471.0,NVDA
04/02/2026 19:10,2026-04-02,19:10:00,176.73,176.68,176.73,176.69,1773.0,NVDA
04/02/2026 19:15,2026-04-02,19:15:00,176.77,176.69,176.7,176.73,7153.0,NVDA
04/02/2026 19:20,2026-04-02,19:20:00,176.76,176.7,176.74,176.7,6603.0,NVDA
04/02/2026 19:25,2026-04-02,19:25:00,176.75,176.73,176.75,176.74,21233.0,NVDA
04/02/2026 19:30,2026-04-02,19:30:00,176.75,176.72,176.72,176.75,38107.0,NVDA
04/02/2026 19:35,2026-04-02,19:35:00,176.81,176.74,176.8,176.74,24705.0,NVDA
04/02/2026 19:40,2026-04-02,19:40:00,176.85,176.75,176.79,176.8,20536.0,NVDA
04/02/2026 19:45,2026-04-02,19:45:00,176.79,176.75,176.75,176.79,16410.0,NVDA
04/02/2026 19:50,2026-04-02,19:50:00,176.76,176.72,176.72,176.74,29944.0,NVDA
04/02/2026 19:55,2026-04-02,19:55:00,176.72,176.63,176.7,176.72,48224.0,NVDA
04/06/2026 04:00,2026-04-06,04:00:00,178.39,177.04,178.35,177.8,209174.0,NVDA
04/06/2026 04:05,2026-04-06,04:05:00,178.44,178.1,178.35,178.36,20928.0,NVDA
04/06/2026 04:10,2026-04-06,04:10:00,178.35,178.15,178.19,178.35,13484.0,NVDA
04/06/2026 04:15,2026-04-06,04:15:00,178.4,178.16,178.26,178.16,16373.0,NVDA
04/06/2026 04:20,2026-04-06,04:20:00,178.52,178.26,178.52,178.29,8886.0,NVDA
04/06/2026 04:25,2026-04-06,04:25:00,178.7,178.52,178.67,178.55,14097.0,NVDA
04/06/2026 04:30,2026-04-06,04:30:00,178.96,178.64,178.91,178.65,31894.0,NVDA
04/06/2026 04:35,2026-04-06,04:35:00,179.14,178.94,178.97,178.95,36550.0,NVDA
04/06/2026 04:40,2026-04-06,04:40:00,179.15,178.78,178.98,179.0,24553.0,NVDA
04/06/2026 04:45,2026-04-06,04:45:00,178.97,178.85,178.9,178.97,14785.0,NVDA
04/06/2026 04:50,2026-04-06,04:50:00,178.89,178.73,178.78,178.85,15073.0,NVDA
04/06/2026 04:55,2026-04-06,04:55:00,178.97,178.79,178.87,178.79,2324.0,NVDA
04/06/2026 05:00,2026-04-06,05:00:00,178.94,178.64,178.92,178.76,12910.0,NVDA
04/06/2026 05:05,2026-04-06,05:05:00,179.0,178.86,178.91,178.94,5001.0,NVDA
04/06/2026 05:10,2026-04-06,05:10:00,178.95,178.72,178.79,178.93,4392.0,NVDA
04/06/2026 05:15,2026-04-06,05:15:00,178.84,178.68,178.82,178.74,4972.0,NVDA
04/06/2026 05:20,2026-04-06,05:20:00,178.95,178.8,178.86,178.81,6562.0,NVDA
04/06/2026 05:25,2026-04-06,05:25:00,178.98,178.83,178.93,178.87,7479.0,NVDA
04/06/2026 05:30,2026-04-06,05:30:00,178.95,178.8,178.88,178.91,10254.0,NVDA
04/06/2026 05:35,2026-04-06,05:35:00,178.9,178.75,178.76,178.89,4152.0,NVDA
04/06/2026 05:40,2026-04-06,05:40:00,178.81,178.73,178.81,178.75,2080.0,NVDA
04/06/2026 05:45,2026-04-06,05:45:00,178.8,178.6,178.61,178.8,9057.0,NVDA
04/06/2026 05:50,2026-04-06,05:50:00,178.62,178.3,178.41,178.62,11346.0,NVDA
04/06/2026 05:55,2026-04-06,05:55:00,178.49,178.22,178.33,178.45,8883.0,NVDA
04/06/2026 06:00,2026-04-06,06:00:00,178.3,178.01,178.17,178.3,18335.0,NVDA
04/06/2026 06:05,2026-04-06,06:05:00,178.3,178.1,178.26,178.18,11975.0,NVDA
04/06/2026 06:10,2026-04-06,06:10:00,178.32,178.21,178.32,178.27,22343.0,NVDA
04/06/2026 06:15,2026-04-06,06:15:00,178.4,178.0,178.2,178.27,12598.0,NVDA
04/06/2026 06:20,2026-04-06,06:20:00,178.33,178.14,178.25,178.14,3061.0,NVDA
04/06/2026 06:25,2026-04-06,06:25:00,178.4,178.1,178.34,178.2,9616.0,NVDA
04/06/2026 06:30,2026-04-06,06:30:00,178.35,178.18,178.2,178.35,11397.0,NVDA
04/06/2026 06:35,2026-04-06,06:35:00,178.3,178.21,178.21,178.21,2628.0,NVDA
04/06/2026 06:40,2026-04-06,06:40:00,178.25,178.08,178.16,178.24,10551.0,NVDA
04/06/2026 06:45,2026-04-06,06:45:00,178.16,177.41,178.03,178.11,21442.0,NVDA
04/06/2026 06:50,2026-04-06,06:50:00,177.97,177.75,177.75,177.97,7213.0,NVDA
04/06/2026 06:55,2026-04-06,06:55:00,177.83,177.66,177.78,177.81,10130.0,NVDA
04/06/2026 07:00,2026-04-06,07:00:00,177.92,177.5,177.9,177.73,88633.0,NVDA
04/06/2026 07:05,2026-04-06,07:05:00,177.95,177.77,177.8,177.88,52200.0,NVDA
04/06/2026 07:10,2026-04-06,07:10:00,177.83,177.63,177.63,177.81,30971.0,NVDA
04/06/2026 07:15,2026-04-06,07:15:00,177.79,177.6,177.78,177.64,38195.0,NVDA
04/06/2026 07:20,2026-04-06,07:20:00,177.78,177.57,177.7,177.78,25771.0,NVDA
04/06/2026 07:25,2026-04-06,07:25:00,177.85,177.7,177.85,177.71,17457.0,NVDA
04/06/2026 07:30,2026-04-06,07:30:00,177.95,177.81,177.94,177.82,27784.0,NVDA
04/06/2026 07:35,2026-04-06,07:35:00,178.14,177.92,178.14,177.95,42892.0,NVDA
04/06/2026 07:40,2026-04-06,07:40:00,178.14,178.0,178.01,178.12,23559.0,NVDA
04/06/2026 07:45,2026-04-06,07:45:00,178.08,178.0,178.02,178.03,27668.0,NVDA
04/06/2026 07:50,2026-04-06,07:50:00,178.12,178.02,178.1,178.02,15687.0,NVDA
04/06/2026 07:55,2026-04-06,07:55:00,178.13,178.07,178.07,178.12,13950.0,NVDA
04/06/2026 08:00,2026-04-06,08:00:00,178.1,177.9,177.99,178.08,83215.0,NVDA
04/06/2026 08:05,2026-04-06,08:05:00,178.11,177.99,178.0,177.99,24414.0,NVDA
04/06/2026 08:10,2026-04-06,08:10:00,178.11,178.0,178.04,178.03,23666.0,NVDA
04/06/2026 08:15,2026-04-06,08:15:00,178.1,177.97,178.0,178.02,16121.0,NVDA
04/06/2026 08:20,2026-04-06,08:20:00,177.96,177.85,177.95,177.95,45824.0,NVDA
04/06/2026 08:25,2026-04-06,08:25:00,178.0,177.9,177.97,177.97,17949.0,NVDA
04/06/2026 08:30,2026-04-06,08:30:00,178.02,177.85,178.0,177.97,24981.0,NVDA
04/06/2026 08:35,2026-04-06,08:35:00,177.95,177.86,177.88,177.95,16756.0,NVDA
04/06/2026 08:40,2026-04-06,08:40:00,177.9,177.75,177.75,177.9,29403.0,NVDA
04/06/2026 08:45,2026-04-06,08:45:00,177.9,177.73,177.78,177.74,28229.0,NVDA
04/06/2026 08:50,2026-04-06,08:50:00,177.79,177.6,177.65,177.75,23641.0,NVDA
04/06/2026 08:55,2026-04-06,08:55:00,177.74,177.6,177.61,177.66,40907.0,NVDA
04/06/2026 09:00,2026-04-06,09:00:00,177.7,177.51,177.54,177.67,33201.0,NVDA
04/06/2026 09:05,2026-04-06,09:05:00,177.59,177.43,177.59,177.52,45488.0,NVDA
04/06/2026 09:10,2026-04-06,09:10:00,177.71,177.5,177.63,177.57,25357.0,NVDA
04/06/2026 09:15,2026-04-06,09:15:00,177.78,177.55,177.65,177.63,42786.0,NVDA
04/06/2026 09:20,2026-04-06,09:20:00,177.69,177.45,177.63,177.64,45313.0,NVDA
04/06/2026 09:25,2026-04-06,09:25:00,177.6,177.06,177.13,177.56,100722.0,NVDA
04/06/2026 09:30,2026-04-06,09:30:00,177.79,176.73,177.24,177.11,3638012.0,NVDA
04/06/2026 09:35,2026-04-06,09:35:00,177.24,175.76,176.62,177.23,3066154.0,NVDA
04/06/2026 09:40,2026-04-06,09:40:00,176.84,176.31,176.71,176.62,2015153.0,NVDA
04/06/2026 09:45,2026-04-06,09:45:00,177.46,176.67,177.18,176.71,2408499.0,NVDA
04/06/2026 09:50,2026-04-06,09:50:00,177.45,176.85,177.04,177.17,1956954.0,NVDA
04/06/2026 09:55,2026-04-06,09:55:00,177.21,176.7,177.04,177.04,1441672.0,NVDA
04/06/2026 10:00,2026-04-06,10:00:00,177.35,176.07,176.08,177.02,2195665.0,NVDA
04/06/2026 10:05,2026-04-06,10:05:00,176.34,175.99,176.33,176.08,1846828.0,NVDA
04/06/2026 10:10,2026-04-06,10:10:00,176.74,176.06,176.51,176.33,1996114.0,NVDA
04/06/2026 10:15,2026-04-06,10:15:00,177.07,176.47,176.96,176.51,1606562.0,NVDA
04/06/2026 10:20,2026-04-06,10:20:00,177.1,176.91,177.0,176.96,972517.0,NVDA
04/06/2026 10:25,2026-04-06,10:25:00,177.02,176.63,176.78,177.0,1359661.0,NVDA
04/06/2026 10:30,2026-04-06,10:30:00,176.95,176.56,176.81,176.78,1151917.0,NVDA
04/06/2026 10:35,2026-04-06,10:35:00,176.96,176.28,176.46,176.81,1597528.0,NVDA
04/06/2026 10:40,2026-04-06,10:40:00,176.82,176.34,176.4,176.46,1193717.0,NVDA
04/06/2026 10:45,2026-04-06,10:45:00,176.59,176.17,176.25,176.39,1113195.0,NVDA
04/06/2026 10:50,2026-04-06,10:50:00,176.58,176.2,176.57,176.25,1189960.0,NVDA
04/06/2026 10:55,2026-04-06,10:55:00,176.83,176.44,176.58,176.57,1192382.0,NVDA
04/06/2026 11:00,2026-04-06,11:00:00,176.96,176.53,176.84,176.59,920617.0,NVDA
04/06/2026 11:05,2026-04-06,11:05:00,176.95,176.56,176.9,176.84,772271.0,NVDA
04/06/2026 11:10,2026-04-06,11:10:00,176.9,176.53,176.64,176.9,705472.0,NVDA
04/06/2026 11:15,2026-04-06,11:15:00,176.92,176.58,176.71,176.64,602332.0,NVDA
04/06/2026 11:20,2026-04-06,11:20:00,176.87,176.61,176.61,176.72,609153.0,NVDA
04/06/2026 11:25,2026-04-06,11:25:00,176.75,176.41,176.49,176.61,900220.0,NVDA
04/06/2026 11:30,2026-04-06,11:30:00,176.75,176.45,176.74,176.49,716548.0,NVDA
04/06/2026 11:35,2026-04-06,11:35:00,177.06,176.65,176.94,176.75,875933.0,NVDA
04/06/2026 11:40,2026-04-06,11:40:00,177.09,176.84,177.03,176.94,710175.0,NVDA
04/06/2026 11:45,2026-04-06,11:45:00,177.32,176.97,177.23,177.02,814225.0,NVDA
04/06/2026 11:50,2026-04-06,11:50:00,177.61,177.18,177.48,177.24,1285083.0,NVDA
04/06/2026 11:55,2026-04-06,11:55:00,177.54,177.32,177.44,177.49,760384.0,NVDA
04/06/2026 12:00,2026-04-06,12:00:00,177.49,177.13,177.16,177.45,922820.0,NVDA
04/06/2026 12:05,2026-04-06,12:05:00,177.24,176.98,177.03,177.15,624435.0,NVDA
04/06/2026 12:10,2026-04-06,12:10:00,177.18,176.94,177.16,177.03,646624.0,NVDA
04/06/2026 12:15,2026-04-06,12:15:00,177.27,177.09,177.2,177.17,545655.0,NVDA
04/06/2026 12:20,2026-04-06,12:20:00,177.34,177.04,177.15,177.19,690259.0,NVDA
04/06/2026 12:25,2026-04-06,12:25:00,177.3,177.12,177.16,177.15,496690.0,NVDA
04/06/2026 12:30,2026-04-06,12:30:00,177.19,176.99,177.14,177.15,625306.0,NVDA
04/06/2026 12:35,2026-04-06,12:35:00,177.44,177.15,177.26,177.15,682625.0,NVDA
04/06/2026 12:40,2026-04-06,12:40:00,177.33,177.18,177.2,177.25,422916.0,NVDA
04/06/2026 12:45,2026-04-06,12:45:00,177.3,177.15,177.24,177.2,402237.0,NVDA
04/06/2026 12:50,2026-04-06,12:50:00,177.27,176.92,177.08,177.24,724145.0,NVDA
04/06/2026 12:55,2026-04-06,12:55:00,177.12,176.86,177.0,177.07,656384.0,NVDA
04/06/2026 13:00,2026-04-06,13:00:00,177.03,176.48,176.69,177.0,1095180.0,NVDA
04/06/2026 13:05,2026-04-06,13:05:00,176.92,176.64,176.77,176.69,766799.0,NVDA
04/06/2026 13:10,2026-04-06,13:10:00,176.82,176.04,176.27,176.77,1066284.0,NVDA
04/06/2026 13:15,2026-04-06,13:15:00,176.63,176.21,176.62,176.27,734531.0,NVDA
04/06/2026 13:20,2026-04-06,13:20:00,176.95,176.41,176.91,176.62,701211.0,NVDA
04/06/2026 13:25,2026-04-06,13:25:00,177.04,176.84,176.94,176.9,536370.0,NVDA
04/06/2026 13:30,2026-04-06,13:30:00,177.14,176.86,177.0,176.93,516357.0,NVDA
04/06/2026 13:35,2026-04-06,13:35:00,177.1,176.8,176.87,176.99,564523.0,NVDA
04/06/2026 13:40,2026-04-06,13:40:00,176.88,176.64,176.74,176.86,554290.0,NVDA
04/06/2026 13:45,2026-04-06,13:45:00,176.78,176.59,176.72,176.74,564202.0,NVDA
04/06/2026 13:50,2026-04-06,13:50:00,176.75,176.55,176.66,176.72,526724.0,NVDA
04/06/2026 13:55,2026-04-06,13:55:00,176.72,176.57,176.59,176.66,485024.0,NVDA
04/06/2026 14:00,2026-04-06,14:00:00,176.62,176.44,176.47,176.6,599267.0,NVDA
04/06/2026 14:05,2026-04-06,14:05:00,176.78,176.46,176.75,176.48,584300.0,NVDA
04/06/2026 14:10,2026-04-06,14:10:00,177.02,176.74,176.86,176.75,1093708.0,NVDA
04/06/2026 14:15,2026-04-06,14:15:00,177.05,176.85,177.0,176.86,771976.0,NVDA
04/06/2026 14:20,2026-04-06,14:20:00,177.23,176.87,177.14,176.99,728883.0,NVDA
04/06/2026 14:25,2026-04-06,14:25:00,177.3,176.95,176.98,177.14,794687.0,NVDA
04/06/2026 14:30,2026-04-06,14:30:00,177.1,176.75,176.86,176.97,599718.0,NVDA
04/06/2026 14:35,2026-04-06,14:35:00,177.08,176.85,176.99,176.86,447850.0,NVDA
04/06/2026 14:40,2026-04-06,14:40:00,177.12,176.93,177.09,177.0,529099.0,NVDA
04/06/2026 14:45,2026-04-06,14:45:00,177.23,177.06,177.18,177.09,450656.0,NVDA
04/06/2026 14:50,2026-04-06,14:50:00,177.32,177.15,177.25,177.18,555767.0,NVDA
04/06/2026 14:55,2026-04-06,14:55:00,177.32,177.16,177.17,177.25,524489.0,NVDA
04/06/2026 15:00,2026-04-06,15:00:00,177.28,177.12,177.23,177.17,529188.0,NVDA
04/06/2026 15:05,2026-04-06,15:05:00,177.24,177.03,177.1,177.24,494232.0,NVDA
04/06/2026 15:10,2026-04-06,15:10:00,177.28,177.03,177.26,177.09,697267.0,NVDA
04/06/2026 15:15,2026-04-06,15:15:00,177.35,177.23,177.34,177.27,728186.0,NVDA
04/06/2026 15:20,2026-04-06,15:20:00,177.38,177.26,177.35,177.34,668591.0,NVDA
04/06/2026 15:25,2026-04-06,15:25:00,177.42,177.21,177.22,177.35,721982.0,NVDA
04/06/2026 15:30,2026-04-06,15:30:00,177.44,177.19,177.38,177.22,861961.0,NVDA
04/06/2026 15:35,2026-04-06,15:35:00,177.4,177.22,177.29,177.38,574552.0,NVDA
04/06/2026 15:40,2026-04-06,15:40:00,177.32,177.15,177.25,177.29,752195.0,NVDA
04/06/2026 15:45,2026-04-06,15:45:00,177.3,177.07,177.29,177.24,771195.0,NVDA
04/06/2026 15:50,2026-04-06,15:50:00,177.55,177.11,177.22,177.3,1176890.0,NVDA
04/06/2026 15:55,2026-04-06,15:55:00,177.68,177.21,177.64,177.23,2770424.0,NVDA
04/06/2026 16:00,2026-04-06,16:00:00,177.64,177.33,177.52,177.64,9414018.0,NVDA
04/06/2026 16:05,2026-04-06,16:05:00,177.56,177.48,177.52,177.51,43009.0,NVDA
04/06/2026 16:10,2026-04-06,16:10:00,177.53,177.48,177.48,177.52,32943.0,NVDA
04/06/2026 16:15,2026-04-06,16:15:00,177.51,177.48,177.48,177.48,27467.0,NVDA
04/06/2026 16:20,2026-04-06,16:20:00,177.54,177.48,177.49,177.51,16867.0,NVDA
04/06/2026 16:25,2026-04-06,16:25:00,177.5,177.48,177.48,177.49,11335.0,NVDA
04/06/2026 16:30,2026-04-06,16:30:00,177.5,177.39,177.46,177.5,24239.0,NVDA
04/06/2026 16:35,2026-04-06,16:35:00,177.51,177.47,177.48,177.48,11012.0,NVDA
04/06/2026 16:40,2026-04-06,16:40:00,177.5,177.46,177.49,177.48,14614.0,NVDA
04/06/2026 16:45,2026-04-06,16:45:00,177.5,177.45,177.49,177.45,6942.0,NVDA
04/06/2026 16:50,2026-04-06,16:50:00,177.49,177.46,177.47,177.47,25706.0,NVDA
04/06/2026 16:55,2026-04-06,16:55:00,177.49,177.47,177.48,177.48,5123.0,NVDA
04/06/2026 17:00,2026-04-06,17:00:00,177.5,177.47,177.48,177.49,6007.0,NVDA
04/06/2026 17:05,2026-04-06,17:05:00,177.5,177.47,177.49,177.48,15580.0,NVDA
04/06/2026 17:10,2026-04-06,17:10:00,177.5,177.48,177.5,177.49,4013.0,NVDA
04/06/2026 17:15,2026-04-06,17:15:00,177.52,177.49,177.5,177.49,6683.0,NVDA
04/06/2026 17:20,2026-04-06,17:20:00,177.6,177.21,177.26,177.51,91471.0,NVDA
04/06/2026 17:25,2026-04-06,17:25:00,177.37,177.03,177.3,177.36,37444.0,NVDA
04/06/2026 17:30,2026-04-06,17:30:00,177.39,177.23,177.31,177.35,20886.0,NVDA
04/06/2026 17:35,2026-04-06,17:35:00,177.39,177.28,177.32,177.28,10736.0,NVDA
04/06/2026 17:40,2026-04-06,17:40:00,177.33,177.26,177.29,177.33,7251.0,NVDA
04/06/2026 17:45,2026-04-06,17:45:00,177.3,177.27,177.27,177.29,7245.0,NVDA
04/06/2026 17:50,2026-04-06,17:50:00,177.31,177.26,177.31,177.27,8720.0,NVDA
04/06/2026 17:55,2026-04-06,17:55:00,177.31,177.26,177.27,177.31,4449.0,NVDA
04/06/2026 18:00,2026-04-06,18:00:00,177.3,177.04,177.27,177.24,18984.0,NVDA
04/06/2026 18:05,2026-04-06,18:05:00,177.36,177.27,177.27,177.27,8118.0,NVDA
04/06/2026 18:10,2026-04-06,18:10:00,177.25,177.19,177.2,177.25,2893.0,NVDA
04/06/2026 18:15,2026-04-06,18:15:00,177.24,177.16,177.24,177.24,2967.0,NVDA
04/06/2026 18:20,2026-04-06,18:20:00,177.24,176.85,176.9,177.22,48467.0,NVDA
04/06/2026 18:25,2026-04-06,18:25:00,177.0,176.79,176.92,176.83,16621.0,NVDA
04/06/2026 18:30,2026-04-06,18:30:00,177.08,176.92,176.94,176.94,40094.0,NVDA
04/06/2026 18:35,2026-04-06,18:35:00,176.99,176.91,176.92,176.98,9320.0,NVDA
04/06/2026 18:40,2026-04-06,18:40:00,176.98,176.93,176.97,176.94,5859.0,NVDA
04/06/2026 18:45,2026-04-06,18:45:00,176.98,176.91,176.96,176.93,3903.0,NVDA
04/06/2026 18:50,2026-04-06,18:50:00,176.98,176.83,176.9,176.97,13207.0,NVDA
04/06/2026 18:55,2026-04-06,18:55:00,176.91,176.83,176.83,176.86,6286.0,NVDA
04/06/2026 19:00,2026-04-06,19:00:00,176.85,176.76,176.79,176.82,15318.0,NVDA
04/06/2026 19:05,2026-04-06,19:05:00,176.86,176.79,176.86,176.79,10810.0,NVDA
04/06/2026 19:10,2026-04-06,19:10:00,177.0,176.87,176.95,176.87,7765.0,NVDA
04/06/2026 19:15,2026-04-06,19:15:00,176.95,176.9,176.9,176.95,2226.0,NVDA
04/06/2026 19:20,2026-04-06,19:20:00,176.92,176.8,176.81,176.92,7321.0,NVDA
04/06/2026 19:25,2026-04-06,19:25:00,176.85,176.81,176.83,176.81,8862.0,NVDA
04/06/2026 19:30,2026-04-06,19:30:00,176.83,176.8,176.83,176.82,13878.0,NVDA
04/06/2026 19:35,2026-04-06,19:35:00,176.83,176.8,176.83,176.83,3921.0,NVDA
04/06/2026 19:40,2026-04-06,19:40:00,176.84,176.77,176.77,176.83,10186.0,NVDA
04/06/2026 19:45,2026-04-06,19:45:00,176.82,176.75,176.75,176.77,18385.0,NVDA
04/06/2026 19:50,2026-04-06,19:50:00,176.8,176.73,176.79,176.75,18227.0,NVDA
04/06/2026 19:55,2026-04-06,19:55:00,176.82,176.73,176.73,176.8,18126.0,NVDA
04/07/2026 04:00,2026-04-07,04:00:00,177.2,176.05,176.59,176.6,123567.0,NVDA
04/07/2026 04:05,2026-04-07,04:05:00,176.75,176.55,176.74,176.55,9234.0,NVDA
04/07/2026 04:10,2026-04-07,04:10:00,176.96,176.51,176.96,176.72,15917.0,NVDA
04/07/2026 04:15,2026-04-07,04:15:00,177.09,176.82,177.09,176.96,7615.0,NVDA
04/07/2026 04:20,2026-04-07,04:20:00,177.32,177.05,177.25,177.08,33492.0,NVDA
04/07/2026 04:25,2026-04-07,04:25:00,177.26,177.15,177.15,177.22,9936.0,NVDA
04/07/2026 04:30,2026-04-07,04:30:00,177.43,177.17,177.36,177.17,22376.0,NVDA
04/07/2026 04:35,2026-04-07,04:35:00,177.39,177.15,177.15,177.33,10324.0,NVDA
04/07/2026 04:40,2026-04-07,04:40:00,177.18,177.0,177.1,177.17,10528.0,NVDA
04/07/2026 04:45,2026-04-07,04:45:00,177.26,176.9,177.08,177.1,28126.0,NVDA
04/07/2026 04:50,2026-04-07,04:50:00,177.0,176.91,177.0,177.0,1381.0,NVDA
04/07/2026 04:55,2026-04-07,04:55:00,177.0,176.85,177.0,176.9,17342.0,NVDA
04/07/2026 05:00,2026-04-07,05:00:00,177.08,176.75,176.94,177.0,21565.0,NVDA
04/07/2026 05:05,2026-04-07,05:05:00,176.92,176.7,176.87,176.9,7875.0,NVDA
04/07/2026 05:10,2026-04-07,05:10:00,176.99,176.86,176.9,176.87,12593.0,NVDA
04/07/2026 05:15,2026-04-07,05:15:00,177.0,176.84,176.9,176.84,12033.0,NVDA
04/07/2026 05:20,2026-04-07,05:20:00,176.96,176.88,176.92,176.96,6203.0,NVDA
04/07/2026 05:25,2026-04-07,05:25:00,177.0,176.76,176.93,176.9,11581.0,NVDA
04/07/2026 05:30,2026-04-07,05:30:00,177.06,176.88,177.06,176.88,24400.0,NVDA
04/07/2026 05:35,2026-04-07,05:35:00,177.07,176.97,176.99,177.04,3452.0,NVDA
04/07/2026 05:40,2026-04-07,05:40:00,177.03,176.84,176.84,177.03,3816.0,NVDA
04/07/2026 05:45,2026-04-07,05:45:00,176.84,176.7,176.75,176.84,7011.0,NVDA
04/07/2026 05:50,2026-04-07,05:50:00,176.8,176.67,176.72,176.74,8518.0,NVDA
04/07/2026 05:55,2026-04-07,05:55:00,176.8,176.72,176.75,176.72,8232.0,NVDA
04/07/2026 06:00,2026-04-07,06:00:00,176.87,176.58,176.6,176.77,14982.0,NVDA
04/07/2026 06:05,2026-04-07,06:05:00,176.77,176.05,176.37,176.63,39525.0,NVDA
04/07/2026 06:10,2026-04-07,06:10:00,176.76,176.3,176.64,176.4,13398.0,NVDA
04/07/2026 06:15,2026-04-07,06:15:00,176.76,176.5,176.63,176.6,5178.0,NVDA
04/07/2026 06:20,2026-04-07,06:20:00,176.71,176.55,176.69,176.61,2229.0,NVDA
04/07/2026 06:25,2026-04-07,06:25:00,176.72,175.8,176.58,176.6,73500.0,NVDA
04/07/2026 06:30,2026-04-07,06:30:00,176.52,176.0,176.0,176.5,31357.0,NVDA
04/07/2026 06:35,2026-04-07,06:35:00,176.1,175.5,175.65,176.0,73524.0,NVDA
04/07/2026 06:40,2026-04-07,06:40:00,176.1,175.65,175.81,175.65,13251.0,NVDA
04/07/2026 06:45,2026-04-07,06:45:00,175.85,175.49,175.62,175.85,31209.0,NVDA
04/07/2026 06:50,2026-04-07,06:50:00,175.7,175.2,175.5,175.56,39241.0,NVDA
04/07/2026 06:55,2026-04-07,06:55:00,175.6,175.26,175.6,175.52,25521.0,NVDA
04/07/2026 07:00,2026-04-07,07:00:00,175.75,175.4,175.62,175.65,75064.0,NVDA
04/07/2026 07:05,2026-04-07,07:05:00,175.9,175.58,175.85,175.66,45586.0,NVDA
04/07/2026 07:10,2026-04-07,07:10:00,175.88,175.64,175.69,175.82,23804.0,NVDA
04/07/2026 07:15,2026-04-07,07:15:00,175.92,175.7,175.82,175.71,32265.0,NVDA
04/07/2026 07:20,2026-04-07,07:20:00,175.85,175.7,175.7,175.84,46672.0,NVDA
04/07/2026 07:25,2026-04-07,07:25:00,175.87,175.56,175.56,175.79,13300.0,NVDA
04/07/2026 07:30,2026-04-07,07:30:00,175.69,175.5,175.53,175.61,26187.0,NVDA
04/07/2026 07:35,2026-04-07,07:35:00,175.66,175.35,175.64,175.46,24817.0,NVDA
04/07/2026 07:40,2026-04-07,07:40:00,175.7,175.5,175.61,175.6,19117.0,NVDA
04/07/2026 07:45,2026-04-07,07:45:00,175.68,175.51,175.53,175.6,8614.0,NVDA
04/07/2026 07:50,2026-04-07,07:50:00,175.56,175.43,175.45,175.55,22881.0,NVDA
04/07/2026 07:55,2026-04-07,07:55:00,175.56,175.45,175.53,175.45,9579.0,NVDA
04/07/2026 08:00,2026-04-07,08:00:00,175.5,175.3,175.3,175.5,47077.0,NVDA
04/07/2026 08:05,2026-04-07,08:05:00,175.6,174.82,175.21,175.33,191404.0,NVDA
04/07/2026 08:10,2026-04-07,08:10:00,175.22,174.9,174.9,175.2,86009.0,NVDA
04/07/2026 08:15,2026-04-07,08:15:00,175.36,174.8,175.26,174.92,119293.0,NVDA
04/07/2026 08:20,2026-04-07,08:20:00,175.48,175.18,175.34,175.25,53033.0,NVDA
04/07/2026 08:25,2026-04-07,08:25:00,175.52,175.3,175.5,175.3,49470.0,NVDA
04/07/2026 08:30,2026-04-07,08:30:00,175.6,175.11,175.27,175.5,33643.0,NVDA
04/07/2026 08:35,2026-04-07,08:35:00,175.45,175.25,175.32,175.31,24979.0,NVDA
04/07/2026 08:40,2026-04-07,08:40:00,175.34,175.21,175.34,175.32,32804.0,NVDA
04/07/2026 08:45,2026-04-07,08:45:00,175.35,175.14,175.2,175.35,23932.0,NVDA
04/07/2026 08:50,2026-04-07,08:50:00,175.4,175.15,175.28,175.21,23091.0,NVDA
04/07/2026 08:55,2026-04-07,08:55:00,175.65,175.04,175.09,175.28,75652.0,NVDA
04/07/2026 09:00,2026-04-07,09:00:00,175.23,175.01,175.11,175.11,41558.0,NVDA
04/07/2026 09:05,2026-04-07,09:05:00,175.32,175.03,175.23,175.1,69061.0,NVDA
04/07/2026 09:10,2026-04-07,09:10:00,175.42,175.15,175.39,175.2,45525.0,NVDA
04/07/2026 09:15,2026-04-07,09:15:00,175.46,175.2,175.26,175.4,59131.0,NVDA
04/07/2026 09:20,2026-04-07,09:20:00,175.55,175.25,175.53,175.28,48173.0,NVDA
04/07/2026 09:25,2026-04-07,09:25:00,175.79,175.2,175.63,175.5,128067.0,NVDA
04/07/2026 09:30,2026-04-07,09:30:00,176.43,175.25,176.05,175.64,3486331.0,NVDA
04/07/2026 09:35,2026-04-07,09:35:00,176.99,175.9,176.64,176.04,2392176.0,NVDA
04/07/2026 09:40,2026-04-07,09:40:00,176.74,176.23,176.41,176.64,1507634.0,NVDA
04/07/2026 09:45,2026-04-07,09:45:00,176.55,175.81,175.95,176.41,1738873.0,NVDA
04/07/2026 09:50,2026-04-07,09:50:00,176.13,175.7,176.11,175.97,1568977.0,NVDA
04/07/2026 09:55,2026-04-07,09:55:00,176.2,175.31,175.34,176.1,1938876.0,NVDA
04/07/2026 10:00,2026-04-07,10:00:00,175.46,175.0,175.12,175.32,1995385.0,NVDA
04/07/2026 10:05,2026-04-07,10:05:00,175.15,174.44,174.87,175.13,2215220.0,NVDA
04/07/2026 10:10,2026-04-07,10:10:00,175.08,174.77,174.87,174.87,1689327.0,NVDA
04/07/2026 10:15,2026-04-07,10:15:00,175.22,174.8,175.05,174.88,1285264.0,NVDA
04/07/2026 10:20,2026-04-07,10:20:00,175.63,175.01,175.45,175.05,1524928.0,NVDA
04/07/2026 10:25,2026-04-07,10:25:00,175.46,174.91,175.08,175.46,1930913.0,NVDA
04/07/2026 10:30,2026-04-07,10:30:00,175.17,174.67,174.92,175.09,1808529.0,NVDA
04/07/2026 10:35,2026-04-07,10:35:00,175.05,174.7,174.77,174.94,1512043.0,NVDA
04/07/2026 10:40,2026-04-07,10:40:00,174.89,174.53,174.75,174.78,1213195.0,NVDA
04/07/2026 10:45,2026-04-07,10:45:00,175.01,174.64,174.75,174.75,1360183.0,NVDA
04/07/2026 10:50,2026-04-07,10:50:00,174.9,174.61,174.83,174.75,771001.0,NVDA
04/07/2026 10:55,2026-04-07,10:55:00,174.81,174.24,174.26,174.81,1198079.0,NVDA
04/07/2026 11:00,2026-04-07,11:00:00,174.25,173.85,173.96,174.25,1996577.0,NVDA
04/07/2026 11:05,2026-04-07,11:05:00,173.99,173.66,173.99,173.96,1307762.0,NVDA
04/07/2026 11:10,2026-04-07,11:10:00,174.5,173.97,174.44,173.99,1363197.0,NVDA
04/07/2026 11:15,2026-04-07,11:15:00,175.07,174.39,174.74,174.44,1517801.0,NVDA
04/07/2026 11:20,2026-04-07,11:20:00,174.88,174.68,174.79,174.74,802631.0,NVDA
04/07/2026 11:25,2026-04-07,11:25:00,175.04,174.77,175.01,174.79,856448.0,NVDA
04/07/2026 11:30,2026-04-07,11:30:00,175.16,174.82,175.03,175.02,730445.0,NVDA
04/07/2026 11:35,2026-04-07,11:35:00,175.17,174.7,174.83,175.03,1027739.0,NVDA
04/07/2026 11:40,2026-04-07,11:40:00,174.97,174.69,174.88,174.83,899611.0,NVDA
04/07/2026 11:45,2026-04-07,11:45:00,175.1,174.82,175.03,174.88,668173.0,NVDA
04/07/2026 11:50,2026-04-07,11:50:00,175.16,174.88,175.11,175.04,809207.0,NVDA
04/07/2026 11:55,2026-04-07,11:55:00,175.48,175.08,175.22,175.11,993001.0,NVDA
04/07/2026 12:00,2026-04-07,12:00:00,175.95,174.96,175.53,175.23,1867170.0,NVDA
04/07/2026 12:05,2026-04-07,12:05:00,175.6,175.19,175.19,175.53,882905.0,NVDA
04/07/2026 12:10,2026-04-07,12:10:00,175.29,175.05,175.11,175.2,746397.0,NVDA
04/07/2026 12:15,2026-04-07,12:15:00,175.35,175.02,175.16,175.11,759049.0,NVDA
04/07/2026 12:20,2026-04-07,12:20:00,175.6,175.1,175.49,175.16,1018573.0,NVDA
04/07/2026 12:25,2026-04-07,12:25:00,175.65,175.33,175.41,175.48,897802.0,NVDA
04/07/2026 12:30,2026-04-07,12:30:00,175.64,175.31,175.63,175.4,693426.0,NVDA
04/07/2026 12:35,2026-04-07,12:35:00,175.69,175.28,175.39,175.63,711027.0,NVDA
04/07/2026 12:40,2026-04-07,12:40:00,175.59,175.28,175.56,175.4,602954.0,NVDA
04/07/2026 12:45,2026-04-07,12:45:00,175.92,175.54,175.76,175.56,809422.0,NVDA
04/07/2026 12:50,2026-04-07,12:50:00,175.95,175.7,175.86,175.76,713598.0,NVDA
04/07/2026 12:55,2026-04-07,12:55:00,175.86,175.51,175.53,175.85,700282.0,NVDA
04/07/2026 13:00,2026-04-07,13:00:00,175.82,175.42,175.74,175.54,762875.0,NVDA
04/07/2026 13:05,2026-04-07,13:05:00,175.84,175.59,175.59,175.75,470810.0,NVDA
04/07/2026 13:10,2026-04-07,13:10:00,175.77,175.46,175.46,175.6,550602.0,NVDA
04/07/2026 13:15,2026-04-07,13:15:00,175.58,175.31,175.44,175.45,607247.0,NVDA
04/07/2026 13:20,2026-04-07,13:20:00,175.51,175.35,175.46,175.44,481384.0,NVDA
04/07/2026 13:25,2026-04-07,13:25:00,175.6,175.31,175.39,175.46,539616.0,NVDA
04/07/2026 13:30,2026-04-07,13:30:00,175.81,175.34,175.75,175.39,566146.0,NVDA
04/07/2026 13:35,2026-04-07,13:35:00,176.18,175.75,175.87,175.75,1108309.0,NVDA
04/07/2026 13:40,2026-04-07,13:40:00,175.87,175.46,175.53,175.87,624294.0,NVDA
04/07/2026 13:45,2026-04-07,13:45:00,175.76,175.46,175.74,175.53,539714.0,NVDA
04/07/2026 13:50,2026-04-07,13:50:00,176.06,175.73,175.97,175.74,781539.0,NVDA
04/07/2026 13:55,2026-04-07,13:55:00,175.99,175.72,175.77,175.97,614206.0,NVDA
04/07/2026 14:00,2026-04-07,14:00:00,176.02,175.76,175.85,175.78,675023.0,NVDA
04/07/2026 14:05,2026-04-07,14:05:00,175.9,175.7,175.77,175.84,468130.0,NVDA
04/07/2026 14:10,2026-04-07,14:10:00,175.91,175.62,175.84,175.77,670904.0,NVDA
04/07/2026 14:15,2026-04-07,14:15:00,175.96,175.76,175.92,175.84,507155.0,NVDA
04/07/2026 14:20,2026-04-07,14:20:00,176.07,175.73,175.75,175.92,699206.0,NVDA
04/07/2026 14:25,2026-04-07,14:25:00,175.95,175.66,175.7,175.76,710581.0,NVDA
04/07/2026 14:30,2026-04-07,14:30:00,175.79,175.53,175.77,175.7,587025.0,NVDA
04/07/2026 14:35,2026-04-07,14:35:00,175.78,175.57,175.69,175.76,527209.0,NVDA
04/07/2026 14:40,2026-04-07,14:40:00,175.71,175.4,175.51,175.68,731397.0,NVDA
04/07/2026 14:45,2026-04-07,14:45:00,175.59,175.34,175.44,175.5,702846.0,NVDA
04/07/2026 14:50,2026-04-07,14:50:00,175.52,175.14,175.21,175.44,881958.0,NVDA
04/07/2026 14:55,2026-04-07,14:55:00,175.31,174.98,175.24,175.22,1041318.0,NVDA
04/07/2026 15:00,2026-04-07,15:00:00,175.5,175.11,175.46,175.24,714656.0,NVDA
04/07/2026 15:05,2026-04-07,15:05:00,175.72,175.25,175.51,175.46,924130.0,NVDA
04/07/2026 15:10,2026-04-07,15:10:00,175.7,175.48,175.66,175.5,695984.0,NVDA
04/07/2026 15:15,2026-04-07,15:15:00,176.68,175.6,176.58,175.66,1941536.0,NVDA
04/07/2026 15:20,2026-04-07,15:20:00,176.88,176.04,176.37,176.58,1790836.0,NVDA
04/07/2026 15:25,2026-04-07,15:25:00,176.43,176.09,176.29,176.37,984866.0,NVDA
04/07/2026 15:30,2026-04-07,15:30:00,176.35,176.19,176.27,176.28,743752.0,NVDA
04/07/2026 15:35,2026-04-07,15:35:00,176.36,176.08,176.3,176.25,858654.0,NVDA
04/07/2026 15:40,2026-04-07,15:40:00,176.83,176.23,176.67,176.31,1312614.0,NVDA
04/07/2026 15:45,2026-04-07,15:45:00,177.44,176.51,176.92,176.66,2534206.0,NVDA
04/07/2026 15:50,2026-04-07,15:50:00,177.49,176.92,177.32,176.92,2088137.0,NVDA
04/07/2026 15:55,2026-04-07,15:55:00,178.23,177.32,178.09,177.32,4843173.0,NVDA
04/07/2026 16:00,2026-04-07,16:00:00,178.45,177.85,178.2,178.1,9420960.0,NVDA
04/07/2026 16:05,2026-04-07,16:05:00,178.4,178.1,178.2,178.21,156458.0,NVDA
04/07/2026 16:10,2026-04-07,16:10:00,178.3,178.15,178.2,178.22,55075.0,NVDA
04/07/2026 16:15,2026-04-07,16:15:00,178.3,178.1,178.11,178.16,62883.0,NVDA
04/07/2026 16:20,2026-04-07,16:20:00,178.14,177.9,177.92,178.12,53495.0,NVDA
04/07/2026 16:25,2026-04-07,16:25:00,178.1,177.89,177.9,177.93,50232.0,NVDA
04/07/2026 16:30,2026-04-07,16:30:00,178.25,177.8,178.2,177.93,54801.0,NVDA
04/07/2026 16:35,2026-04-07,16:35:00,178.24,177.97,177.99,178.17,30374.0,NVDA
04/07/2026 16:40,2026-04-07,16:40:00,178.48,177.97,178.23,177.98,72786.0,NVDA
04/07/2026 16:45,2026-04-07,16:45:00,178.25,178.1,178.1,178.21,40198.0,NVDA
04/07/2026 16:50,2026-04-07,16:50:00,178.18,177.98,178.08,178.1,67036.0,NVDA
04/07/2026 16:55,2026-04-07,16:55:00,178.38,178.06,178.31,178.08,47785.0,NVDA
04/07/2026 17:00,2026-04-07,17:00:00,178.4,178.15,178.36,178.3,41683.0,NVDA
04/07/2026 17:05,2026-04-07,17:05:00,178.6,178.33,178.43,178.4,43469.0,NVDA
04/07/2026 17:10,2026-04-07,17:10:00,178.44,178.31,178.38,178.42,22133.0,NVDA
04/07/2026 17:15,2026-04-07,17:15:00,178.48,178.31,178.35,178.37,24448.0,NVDA
04/07/2026 17:20,2026-04-07,17:20:00,178.36,178.27,178.3,178.36,22229.0,NVDA
04/07/2026 17:25,2026-04-07,17:25:00,178.32,178.29,178.31,178.3,9477.0,NVDA
04/07/2026 17:30,2026-04-07,17:30:00,178.39,178.3,178.31,178.3,18260.0,NVDA
04/07/2026 17:35,2026-04-07,17:35:00,178.45,178.2,178.39,178.31,28784.0,NVDA
04/07/2026 17:40,2026-04-07,17:40:00,178.55,178.36,178.42,178.39,49325.0,NVDA
04/07/2026 17:45,2026-04-07,17:45:00,178.7,178.48,178.67,178.52,48311.0,NVDA
04/07/2026 17:50,2026-04-07,17:50:00,178.69,178.55,178.58,178.65,24730.0,NVDA
04/07/2026 17:55,2026-04-07,17:55:00,178.7,178.5,178.67,178.56,101550.0,NVDA
04/07/2026 18:00,2026-04-07,18:00:00,179.95,178.67,179.77,178.67,231015.0,NVDA
04/07/2026 18:05,2026-04-07,18:05:00,180.0,179.77,179.83,179.77,179685.0,NVDA
04/07/2026 18:10,2026-04-07,18:10:00,179.95,179.71,179.74,179.8,73842.0,NVDA
04/07/2026 18:15,2026-04-07,18:15:00,179.72,179.36,179.36,179.72,75229.0,NVDA
04/07/2026 18:20,2026-04-07,18:20:00,179.69,179.15,179.51,179.36,52389.0,NVDA
04/07/2026 18:25,2026-04-07,18:25:00,179.69,179.45,179.5,179.55,31435.0,NVDA
04/07/2026 18:30,2026-04-07,18:30:00,180.48,177.54,179.9,179.49,306743.0,NVDA
04/07/2026 18:35,2026-04-07,18:35:00,181.8,179.7,181.8,179.94,364554.0,NVDA
04/07/2026 18:40,2026-04-07,18:40:00,181.81,181.14,181.31,181.77,252421.0,NVDA
04/07/2026 18:45,2026-04-07,18:45:00,181.49,181.26,181.48,181.3,185009.0,NVDA
04/07/2026 18:50,2026-04-07,18:50:00,181.75,181.45,181.68,181.48,162755.0,NVDA
04/07/2026 18:55,2026-04-07,18:55:00,182.44,181.6,182.41,181.68,460094.0,NVDA
04/07/2026 19:00,2026-04-07,19:00:00,182.89,182.25,182.53,182.42,509824.0,NVDA
04/07/2026 19:05,2026-04-07,19:05:00,182.6,182.0,182.39,182.58,224043.0,NVDA
04/07/2026 19:10,2026-04-07,19:10:00,182.47,182.22,182.37,182.35,154737.0,NVDA
04/07/2026 19:15,2026-04-07,19:15:00,182.75,182.33,182.7,182.38,199156.0,NVDA
04/07/2026 19:20,2026-04-07,19:20:00,183.21,182.66,183.2,182.7,395312.0,NVDA
04/07/2026 19:25,2026-04-07,19:25:00,183.66,183.1,183.11,183.21,384262.0,NVDA
04/07/2026 19:30,2026-04-07,19:30:00,183.21,182.8,182.83,183.11,213684.0,NVDA
04/07/2026 19:35,2026-04-07,19:35:00,183.0,182.7,182.98,182.81,141232.0,NVDA
04/07/2026 19:40,2026-04-07,19:40:00,183.2,182.9,183.02,182.98,204699.0,NVDA
04/07/2026 19:45,2026-04-07,19:45:00,183.3,183.0,183.27,183.0,134268.0,NVDA
04/07/2026 19:50,2026-04-07,19:50:00,183.3,182.89,183.01,183.27,179303.0,NVDA
04/07/2026 19:55,2026-04-07,19:55:00,183.29,183.0,183.26,183.0,164222.0,NVDA
04/08/2026 04:00,2026-04-08,04:00:00,184.09,183.18,183.71,183.77,612293.0,NVDA
04/08/2026 04:05,2026-04-08,04:05:00,183.89,183.65,183.87,183.74,39072.0,NVDA
04/08/2026 04:10,2026-04-08,04:10:00,184.06,183.41,184.03,183.8,52054.0,NVDA
04/08/2026 04:15,2026-04-08,04:15:00,184.33,184.05,184.28,184.06,55199.0,NVDA
04/08/2026 04:20,2026-04-08,04:20:00,184.51,184.13,184.45,184.29,80896.0,NVDA
04/08/2026 04:25,2026-04-08,04:25:00,184.49,184.3,184.47,184.46,22507.0,NVDA
04/08/2026 04:30,2026-04-08,04:30:00,184.66,184.36,184.58,184.46,36402.0,NVDA
04/08/2026 04:35,2026-04-08,04:35:00,184.61,184.35,184.48,184.6,43483.0,NVDA
04/08/2026 04:40,2026-04-08,04:40:00,184.6,184.35,184.51,184.5,37280.0,NVDA
04/08/2026 04:45,2026-04-08,04:45:00,184.7,184.44,184.63,184.48,22785.0,NVDA
04/08/2026 04:50,2026-04-08,04:50:00,184.7,184.46,184.47,184.65,14609.0,NVDA
04/08/2026 04:55,2026-04-08,04:55:00,184.89,184.52,184.72,184.52,29438.0,NVDA
04/08/2026 05:00,2026-04-08,05:00:00,184.94,184.7,184.7,184.78,30701.0,NVDA
04/08/2026 05:05,2026-04-08,05:05:00,184.85,184.53,184.57,184.76,36019.0,NVDA
04/08/2026 05:10,2026-04-08,05:10:00,184.75,184.51,184.66,184.59,34162.0,NVDA
04/08/2026 05:15,2026-04-08,05:15:00,184.86,184.61,184.77,184.68,38240.0,NVDA
04/08/2026 05:20,2026-04-08,05:20:00,185.0,184.74,184.95,184.76,85844.0,NVDA
04/08/2026 05:25,2026-04-08,05:25:00,184.93,184.76,184.76,184.92,31882.0,NVDA
04/08/2026 05:30,2026-04-08,05:30:00,184.76,184.51,184.54,184.76,21134.0,NVDA
04/08/2026 05:35,2026-04-08,05:35:00,184.72,184.51,184.72,184.53,19867.0,NVDA
04/08/2026 05:40,2026-04-08,05:40:00,184.75,184.46,184.49,184.74,21948.0,NVDA
04/08/2026 05:45,2026-04-08,05:45:00,184.62,184.49,184.6,184.51,11346.0,NVDA
04/08/2026 05:50,2026-04-08,05:50:00,184.81,184.57,184.8,184.62,10651.0,NVDA
04/08/2026 05:55,2026-04-08,05:55:00,184.81,184.57,184.57,184.8,9704.0,NVDA
04/08/2026 06:00,2026-04-08,06:00:00,184.78,184.5,184.75,184.55,23971.0,NVDA
04/08/2026 06:05,2026-04-08,06:05:00,184.77,184.66,184.75,184.75,7781.0,NVDA
04/08/2026 06:10,2026-04-08,06:10:00,184.85,184.63,184.68,184.75,22249.0,NVDA
04/08/2026 06:15,2026-04-08,06:15:00,184.81,184.62,184.75,184.67,22073.0,NVDA
04/08/2026 06:20,2026-04-08,06:20:00,184.9,184.7,184.87,184.7,19653.0,NVDA
04/08/2026 06:25,2026-04-08,06:25:00,185.06,184.84,185.04,184.84,33054.0,NVDA
04/08/2026 06:30,2026-04-08,06:30:00,185.19,184.98,185.13,185.02,32088.0,NVDA
04/08/2026 06:35,2026-04-08,06:35:00,185.21,184.99,185.0,185.13,25812.0,NVDA
04/08/2026 06:40,2026-04-08,06:40:00,185.13,184.8,185.09,184.98,29702.0,NVDA
04/08/2026 06:45,2026-04-08,06:45:00,185.19,185.0,185.07,185.05,39064.0,NVDA
04/08/2026 06:50,2026-04-08,06:50:00,185.08,184.8,184.88,185.03,46308.0,NVDA
04/08/2026 06:55,2026-04-08,06:55:00,184.88,184.35,184.38,184.88,74944.0,NVDA
04/08/2026 07:00,2026-04-08,07:00:00,184.89,184.23,184.65,184.35,312389.0,NVDA
04/08/2026 07:05,2026-04-08,07:05:00,184.72,184.45,184.56,184.67,199126.0,NVDA
04/08/2026 07:10,2026-04-08,07:10:00,184.6,184.39,184.4,184.56,216157.0,NVDA
04/08/2026 07:15,2026-04-08,07:15:00,184.38,184.0,184.03,184.37,201636.0,NVDA
04/08/2026 07:20,2026-04-08,07:20:00,184.24,183.77,184.18,184.01,164490.0,NVDA
04/08/2026 07:25,2026-04-08,07:25:00,184.62,184.19,184.45,184.23,119710.0,NVDA
04/08/2026 07:30,2026-04-08,07:30:00,184.66,184.33,184.46,184.44,84464.0,NVDA
04/08/2026 07:35,2026-04-08,07:35:00,184.49,184.35,184.41,184.47,54828.0,NVDA
04/08/2026 07:40,2026-04-08,07:40:00,184.64,184.4,184.6,184.4,64127.0,NVDA
04/08/2026 07:45,2026-04-08,07:45:00,184.85,184.54,184.61,184.56,115781.0,NVDA
04/08/2026 07:50,2026-04-08,07:50:00,184.75,184.5,184.62,184.59,67774.0,NVDA
04/08/2026 07:55,2026-04-08,07:55:00,184.62,184.3,184.34,184.54,86618.0,NVDA
04/08/2026 08:00,2026-04-08,08:00:00,184.66,184.23,184.59,184.3,91667.0,NVDA
04/08/2026 08:05,2026-04-08,08:05:00,184.65,184.4,184.47,184.58,108731.0,NVDA
04/08/2026 08:10,2026-04-08,08:10:00,184.81,184.45,184.74,184.47,124254.0,NVDA
04/08/2026 08:15,2026-04-08,08:15:00,184.77,184.47,184.56,184.75,83518.0,NVDA
04/08/2026 08:20,2026-04-08,08:20:00,184.56,184.1,184.21,184.5,147936.0,NVDA
04/08/2026 08:25,2026-04-08,08:25:00,184.48,184.05,184.48,184.17,92202.0,NVDA
04/08/2026 08:30,2026-04-08,08:30:00,184.56,184.28,184.31,184.49,62129.0,NVDA
04/08/2026 08:35,2026-04-08,08:35:00,184.56,184.36,184.48,184.36,71960.0,NVDA
04/08/2026 08:40,2026-04-08,08:40:00,184.49,184.16,184.25,184.48,113356.0,NVDA
04/08/2026 08:45,2026-04-08,08:45:00,184.5,184.23,184.32,184.23,82949.0,NVDA
04/08/2026 08:50,2026-04-08,08:50:00,184.64,184.3,184.6,184.32,96636.0,NVDA
04/08/2026 08:55,2026-04-08,08:55:00,184.66,184.4,184.58,184.59,99252.0,NVDA
04/08/2026 09:00,2026-04-08,09:00:00,184.69,184.4,184.55,184.6,173353.0,NVDA
04/08/2026 09:05,2026-04-08,09:05:00,184.68,184.5,184.67,184.55,98610.0,NVDA
04/08/2026 09:10,2026-04-08,09:10:00,184.9,184.61,184.77,184.69,163124.0,NVDA
04/08/2026 09:15,2026-04-08,09:15:00,184.79,184.65,184.67,184.76,127366.0,NVDA
04/08/2026 09:20,2026-04-08,09:20:00,184.73,184.62,184.65,184.67,145845.0,NVDA
04/08/2026 09:25,2026-04-08,09:25:00,184.95,184.4,184.49,184.69,233086.0,NVDA
04/08/2026 09:30,2026-04-08,09:30:00,185.26,183.57,184.26,184.47,8282240.0,NVDA
04/08/2026 09:35,2026-04-08,09:35:00,184.73,183.17,183.27,184.26,4328014.0,NVDA
04/08/2026 09:40,2026-04-08,09:40:00,183.34,182.71,183.02,183.26,3458949.0,NVDA
04/08/2026 09:45,2026-04-08,09:45:00,183.98,183.02,183.9,183.03,3397474.0,NVDA
04/08/2026 09:50,2026-04-08,09:50:00,183.9,183.05,183.18,183.9,2527108.0,NVDA
04/08/2026 09:55,2026-04-08,09:55:00,183.32,182.58,182.62,183.17,2107354.0,NVDA
04/08/2026 10:00,2026-04-08,10:00:00,182.8,182.09,182.18,182.61,2376276.0,NVDA
04/08/2026 10:05,2026-04-08,10:05:00,182.27,181.34,181.55,182.18,2614298.0,NVDA
04/08/2026 10:10,2026-04-08,10:10:00,181.92,181.25,181.79,181.55,2476249.0,NVDA
04/08/2026 10:15,2026-04-08,10:15:00,181.81,181.4,181.55,181.78,1527872.0,NVDA
04/08/2026 10:20,2026-04-08,10:20:00,182.23,181.5,182.14,181.55,1739757.0,NVDA
04/08/2026 10:25,2026-04-08,10:25:00,182.26,181.77,181.8,182.14,1573022.0,NVDA
04/08/2026 10:30,2026-04-08,10:30:00,181.93,181.37,181.5,181.8,1822048.0,NVDA
04/08/2026 10:35,2026-04-08,10:35:00,181.56,181.08,181.34,181.5,1683016.0,NVDA
04/08/2026 10:40,2026-04-08,10:40:00,181.4,181.04,181.05,181.35,1496271.0,NVDA
04/08/2026 10:45,2026-04-08,10:45:00,181.16,180.65,181.03,181.05,1901587.0,NVDA
04/08/2026 10:50,2026-04-08,10:50:00,181.16,180.82,181.14,181.03,1315403.0,NVDA
04/08/2026 10:55,2026-04-08,10:55:00,181.17,180.3,180.89,181.13,1960564.0,NVDA
04/08/2026 11:00,2026-04-08,11:00:00,181.54,180.88,181.42,180.88,1471056.0,NVDA
04/08/2026 11:05,2026-04-08,11:05:00,181.52,181.02,181.03,181.42,1269026.0,NVDA
04/08/2026 11:10,2026-04-08,11:10:00,181.3,180.99,181.26,181.03,1049479.0,NVDA
04/08/2026 11:15,2026-04-08,11:15:00,181.4,180.95,181.39,181.27,1073722.0,NVDA
04/08/2026 11:20,2026-04-08,11:20:00,181.57,181.24,181.56,181.37,1454218.0,NVDA
04/08/2026 11:25,2026-04-08,11:25:00,181.7,181.25,181.3,181.55,1235609.0,NVDA
04/08/2026 11:30,2026-04-08,11:30:00,181.5,181.25,181.3,181.3,894623.0,NVDA
04/08/2026 11:35,2026-04-08,11:35:00,181.5,181.13,181.39,181.3,934632.0,NVDA
04/08/2026 11:40,2026-04-08,11:40:00,181.73,181.18,181.73,181.38,929915.0,NVDA
04/08/2026 11:45,2026-04-08,11:45:00,181.89,181.71,181.81,181.73,858958.0,NVDA
04/08/2026 11:50,2026-04-08,11:50:00,181.88,181.62,181.79,181.8,840599.0,NVDA
04/08/2026 11:55,2026-04-08,11:55:00,181.92,181.59,181.65,181.8,876783.0,NVDA
04/08/2026 12:00,2026-04-08,12:00:00,182.03,181.59,181.88,181.64,939523.0,NVDA
04/08/2026 12:05,2026-04-08,12:05:00,181.99,181.82,181.87,181.89,563430.0,NVDA
04/08/2026 12:10,2026-04-08,12:10:00,181.92,181.71,181.72,181.86,520262.0,NVDA
04/08/2026 12:15,2026-04-08,12:15:00,181.79,181.34,181.44,181.73,848821.0,NVDA
04/08/2026 12:20,2026-04-08,12:20:00,181.49,181.29,181.4,181.44,739908.0,NVDA
04/08/2026 12:25,2026-04-08,12:25:00,181.69,181.35,181.45,181.41,1005717.0,NVDA
04/08/2026 12:30,2026-04-08,12:30:00,181.57,181.39,181.56,181.45,497023.0,NVDA
04/08/2026 12:35,2026-04-08,12:35:00,181.64,181.44,181.54,181.57,512547.0,NVDA
04/08/2026 12:40,2026-04-08,12:40:00,181.73,181.44,181.59,181.54,699269.0,NVDA
04/08/2026 12:45,2026-04-08,12:45:00,181.73,181.48,181.71,181.59,805162.0,NVDA
04/08/2026 12:50,2026-04-08,12:50:00,181.79,181.54,181.71,181.71,731860.0,NVDA
04/08/2026 12:55,2026-04-08,12:55:00,181.76,181.55,181.6,181.71,533340.0,NVDA
04/08/2026 13:00,2026-04-08,13:00:00,181.71,181.53,181.56,181.59,631814.0,NVDA
04/08/2026 13:05,2026-04-08,13:05:00,181.81,181.43,181.73,181.56,952144.0,NVDA
04/08/2026 13:10,2026-04-08,13:10:00,181.77,181.6,181.63,181.72,498983.0,NVDA
04/08/2026 13:15,2026-04-08,13:15:00,181.72,181.51,181.59,181.62,479242.0,NVDA
04/08/2026 13:20,2026-04-08,13:20:00,181.81,181.49,181.55,181.59,604053.0,NVDA
04/08/2026 13:25,2026-04-08,13:25:00,181.68,181.37,181.45,181.55,673127.0,NVDA
04/08/2026 13:30,2026-04-08,13:30:00,181.7,181.42,181.52,181.45,601074.0,NVDA
04/08/2026 13:35,2026-04-08,13:35:00,181.6,181.29,181.52,181.53,607674.0,NVDA
04/08/2026 13:40,2026-04-08,13:40:00,181.73,181.5,181.59,181.52,548268.0,NVDA
04/08/2026 13:45,2026-04-08,13:45:00,181.72,181.5,181.62,181.58,466850.0,NVDA
04/08/2026 13:50,2026-04-08,13:50:00,181.87,181.62,181.66,181.62,760959.0,NVDA
04/08/2026 13:55,2026-04-08,13:55:00,181.75,181.64,181.74,181.66,405797.0,NVDA
04/08/2026 14:00,2026-04-08,14:00:00,182.03,181.59,181.98,181.74,915795.0,NVDA
04/08/2026 14:05,2026-04-08,14:05:00,182.06,181.89,182.05,181.97,660885.0,NVDA
04/08/2026 14:10,2026-04-08,14:10:00,182.18,182.01,182.09,182.05,783373.0,NVDA
04/08/2026 14:15,2026-04-08,14:15:00,182.18,181.49,181.74,182.09,1053554.0,NVDA
04/08/2026 14:20,2026-04-08,14:20:00,182.09,181.71,181.9,181.74,959195.0,NVDA
04/08/2026 14:25,2026-04-08,14:25:00,181.98,181.68,181.7,181.89,932447.0,NVDA
04/08/2026 14:30,2026-04-08,14:30:00,181.96,181.69,181.91,181.71,660032.0,NVDA
04/08/2026 14:35,2026-04-08,14:35:00,182.05,181.77,181.81,181.92,635625.0,NVDA
04/08/2026 14:40,2026-04-08,14:40:00,181.84,181.62,181.65,181.81,626755.0,NVDA
04/08/2026 14:45,2026-04-08,14:45:00,181.86,181.58,181.77,181.63,715779.0,NVDA
04/08/2026 14:50,2026-04-08,14:50:00,181.92,181.71,181.74,181.77,620597.0,NVDA
04/08/2026 14:55,2026-04-08,14:55:00,181.75,181.1,181.17,181.74,1034130.0,NVDA
04/08/2026 15:00,2026-04-08,15:00:00,181.53,181.1,181.47,181.17,937562.0,NVDA
04/08/2026 15:05,2026-04-08,15:05:00,181.77,181.46,181.68,181.48,738931.0,NVDA
04/08/2026 15:10,2026-04-08,15:10:00,181.97,181.68,181.9,181.68,862171.0,NVDA
04/08/2026 15:15,2026-04-08,15:15:00,181.93,181.63,181.74,181.91,752216.0,NVDA
04/08/2026 15:20,2026-04-08,15:20:00,181.82,181.61,181.81,181.75,895984.0,NVDA
04/08/2026 15:25,2026-04-08,15:25:00,181.94,181.62,181.71,181.81,702210.0,NVDA
04/08/2026 15:30,2026-04-08,15:30:00,181.98,181.67,181.91,181.7,666306.0,NVDA
04/08/2026 15:35,2026-04-08,15:35:00,182.11,181.82,181.89,181.91,1141481.0,NVDA
04/08/2026 15:40,2026-04-08,15:40:00,181.9,181.7,181.84,181.88,849354.0,NVDA
04/08/2026 15:45,2026-04-08,15:45:00,182.14,181.82,182.1,181.84,1109195.0,NVDA
04/08/2026 15:50,2026-04-08,15:50:00,182.3,181.78,181.8,182.09,1739981.0,NVDA
04/08/2026 15:55,2026-04-08,15:55:00,182.22,181.65,182.12,181.8,2576549.0,NVDA
04/08/2026 16:00,2026-04-08,16:00:00,182.15,181.5,181.96,182.08,15408717.0,NVDA
04/08/2026 16:05,2026-04-08,16:05:00,182.0,181.9,181.94,181.99,33158.0,NVDA
04/08/2026 16:10,2026-04-08,16:10:00,182.0,181.91,181.98,181.92,24230.0,NVDA
04/08/2026 16:15,2026-04-08,16:15:00,182.0,181.83,181.85,181.99,27358.0,NVDA
04/08/2026 16:20,2026-04-08,16:20:00,181.87,181.72,181.75,181.84,17589.0,NVDA
04/08/2026 16:25,2026-04-08,16:25:00,181.83,181.77,181.79,181.77,13425.0,NVDA
04/08/2026 16:30,2026-04-08,16:30:00,181.84,181.79,181.79,181.81,13913.0,NVDA
04/08/2026 16:35,2026-04-08,16:35:00,181.83,181.62,181.71,181.78,41422.0,NVDA
04/08/2026 16:40,2026-04-08,16:40:00,181.76,181.63,181.63,181.7,9972.0,NVDA
04/08/2026 16:45,2026-04-08,16:45:00,181.76,181.62,181.69,181.64,20946.0,NVDA
04/08/2026 16:50,2026-04-08,16:50:00,181.74,181.68,181.71,181.69,8900.0,NVDA
04/08/2026 16:55,2026-04-08,16:55:00,181.76,181.68,181.74,181.71,10048.0,NVDA
04/08/2026 17:00,2026-04-08,17:00:00,181.75,181.69,181.69,181.74,7427.0,NVDA
04/08/2026 17:05,2026-04-08,17:05:00,181.74,181.56,181.56,181.69,14236.0,NVDA
04/08/2026 17:10,2026-04-08,17:10:00,181.64,181.56,181.6,181.56,32811.0,NVDA
04/08/2026 17:15,2026-04-08,17:15:00,181.62,181.54,181.54,181.6,12350.0,NVDA
04/08/2026 17:20,2026-04-08,17:20:00,181.59,181.51,181.52,181.52,10800.0,NVDA
04/08/2026 17:25,2026-04-08,17:25:00,181.55,181.5,181.52,181.53,11023.0,NVDA
04/08/2026 17:30,2026-04-08,17:30:00,181.65,181.52,181.64,181.54,7436.0,NVDA
04/08/2026 17:35,2026-04-08,17:35:00,181.62,181.55,181.62,181.6,7447.0,NVDA
04/08/2026 17:40,2026-04-08,17:40:00,181.63,181.56,181.6,181.61,3004.0,NVDA
04/08/2026 17:45,2026-04-08,17:45:00,181.59,181.55,181.55,181.57,2593.0,NVDA
04/08/2026 17:50,2026-04-08,17:50:00,181.57,181.53,181.55,181.55,4699.0,NVDA
04/08/2026 17:55,2026-04-08,17:55:00,181.56,181.5,181.53,181.55,19992.0,NVDA
04/08/2026 18:00,2026-04-08,18:00:00,181.6,181.51,181.58,181.51,11380.0,NVDA
04/08/2026 18:05,2026-04-08,18:05:00,181.64,181.54,181.63,181.6,18227.0,NVDA
04/08/2026 18:10,2026-04-08,18:10:00,181.63,181.3,181.36,181.6,36466.0,NVDA
04/08/2026 18:15,2026-04-08,18:15:00,181.39,181.19,181.22,181.39,37250.0,NVDA
04/08/2026 18:20,2026-04-08,18:20:00,181.3,181.11,181.25,181.22,24266.0,NVDA
04/08/2026 18:25,2026-04-08,18:25:00,181.3,181.23,181.25,181.23,10627.0,NVDA
04/08/2026 18:30,2026-04-08,18:30:00,181.3,181.15,181.23,181.3,22853.0,NVDA
04/08/2026 18:35,2026-04-08,18:35:00,181.3,181.22,181.23,181.25,3731.0,NVDA
04/08/2026 18:40,2026-04-08,18:40:00,181.24,181.15,181.15,181.24,10861.0,NVDA
04/08/2026 18:45,2026-04-08,18:45:00,181.2,181.08,181.08,181.18,28402.0,NVDA
04/08/2026 18:50,2026-04-08,18:50:00,181.15,181.0,181.1,181.08,32749.0,NVDA
04/08/2026 18:55,2026-04-08,18:55:00,181.18,181.09,181.09,181.11,9729.0,NVDA
04/08/2026 19:00,2026-04-08,19:00:00,181.11,181.0,181.04,181.09,7734.0,NVDA
04/08/2026 19:05,2026-04-08,19:05:00,181.2,181.05,181.16,181.12,9948.0,NVDA
04/08/2026 19:10,2026-04-08,19:10:00,181.21,181.16,181.2,181.2,5485.0,NVDA
04/08/2026 19:15,2026-04-08,19:15:00,181.22,181.14,181.14,181.19,13729.0,NVDA
04/08/2026 19:20,2026-04-08,19:20:00,181.2,181.06,181.07,181.12,11573.0,NVDA
04/08/2026 19:25,2026-04-08,19:25:00,181.11,181.02,181.03,181.09,11127.0,NVDA
04/08/2026 19:30,2026-04-08,19:30:00,181.05,181.0,181.04,181.03,16816.0,NVDA
04/08/2026 19:35,2026-04-08,19:35:00,181.03,180.95,181.0,181.02,27117.0,NVDA
04/08/2026 19:40,2026-04-08,19:40:00,181.05,180.98,181.01,181.0,12573.0,NVDA
04/08/2026 19:45,2026-04-08,19:45:00,181.09,181.0,181.04,181.01,11348.0,NVDA
04/08/2026 19:50,2026-04-08,19:50:00,181.05,181.0,181.0,181.04,15138.0,NVDA
04/08/2026 19:55,2026-04-08,19:55:00,181.02,180.85,180.95,181.01,31379.0,NVDA
04/09/2026 04:00,2026-04-09,04:00:00,182.0,180.0,180.44,182.0,169352.0,NVDA
04/09/2026 04:05,2026-04-09,04:05:00,180.47,180.31,180.31,180.46,12338.0,NVDA
04/09/2026 04:10,2026-04-09,04:10:00,180.58,180.11,180.18,180.31,18457.0,NVDA
04/09/2026 04:15,2026-04-09,04:15:00,180.38,180.15,180.3,180.19,6039.0,NVDA
04/09/2026 04:20,2026-04-09,04:20:00,180.4,180.29,180.36,180.29,3175.0,NVDA
04/09/2026 04:25,2026-04-09,04:25:00,180.45,180.34,180.34,180.39,3198.0,NVDA
04/09/2026 04:30,2026-04-09,04:30:00,180.57,180.39,180.57,180.39,5937.0,NVDA
04/09/2026 04:35,2026-04-09,04:35:00,180.59,180.54,180.57,180.54,7362.0,NVDA
04/09/2026 04:40,2026-04-09,04:40:00,180.73,180.53,180.7,180.55,4604.0,NVDA
04/09/2026 04:45,2026-04-09,04:45:00,180.75,180.59,180.62,180.7,5486.0,NVDA
04/09/2026 04:50,2026-04-09,04:50:00,180.59,180.5,180.5,180.59,1985.0,NVDA
04/09/2026 04:55,2026-04-09,04:55:00,180.57,180.47,180.47,180.53,3570.0,NVDA
04/09/2026 05:00,2026-04-09,05:00:00,180.47,180.37,180.37,180.44,2690.0,NVDA
04/09/2026 05:05,2026-04-09,05:05:00,180.53,180.43,180.53,180.43,1901.0,NVDA
04/09/2026 05:10,2026-04-09,05:10:00,180.66,180.51,180.63,180.55,3015.0,NVDA
04/09/2026 05:15,2026-04-09,05:15:00,180.73,180.67,180.68,180.69,7985.0,NVDA
04/09/2026 05:20,2026-04-09,05:20:00,180.68,180.57,180.68,180.68,9858.0,NVDA
04/09/2026 05:25,2026-04-09,05:25:00,180.71,180.65,180.71,180.65,5825.0,NVDA
04/09/2026 05:30,2026-04-09,05:30:00,180.74,180.68,180.73,180.74,3623.0,NVDA
04/09/2026 05:35,2026-04-09,05:35:00,180.74,180.65,180.72,180.69,7351.0,NVDA
04/09/2026 05:40,2026-04-09,05:40:00,180.79,180.76,180.79,180.76,8844.0,NVDA
04/09/2026 05:45,2026-04-09,05:45:00,180.82,180.75,180.77,180.75,5354.0,NVDA
04/09/2026 05:50,2026-04-09,05:50:00,180.78,180.76,180.78,180.78,1381.0,NVDA
04/09/2026 05:55,2026-04-09,05:55:00,180.93,180.78,180.92,180.79,5789.0,NVDA
04/09/2026 06:00,2026-04-09,06:00:00,180.97,180.69,180.9,180.93,13777.0,NVDA
04/09/2026 06:05,2026-04-09,06:05:00,180.88,180.72,180.87,180.78,7934.0,NVDA
04/09/2026 06:10,2026-04-09,06:10:00,180.87,180.6,180.63,180.87,14312.0,NVDA
04/09/2026 06:15,2026-04-09,06:15:00,180.63,180.54,180.54,180.62,9821.0,NVDA
04/09/2026 06:20,2026-04-09,06:20:00,180.8,180.66,180.73,180.67,3409.0,NVDA
04/09/2026 06:25,2026-04-09,06:25:00,180.75,180.58,180.68,180.75,9600.0,NVDA
04/09/2026 06:30,2026-04-09,06:30:00,180.69,180.6,180.65,180.69,4979.0,NVDA
04/09/2026 06:35,2026-04-09,06:35:00,180.6,180.5,180.53,180.53,4664.0,NVDA
04/09/2026 06:40,2026-04-09,06:40:00,180.7,180.54,180.7,180.56,5552.0,NVDA
04/09/2026 06:45,2026-04-09,06:45:00,180.79,180.63,180.79,180.7,8522.0,NVDA
04/09/2026 06:50,2026-04-09,06:50:00,180.79,180.56,180.61,180.79,9313.0,NVDA
04/09/2026 06:55,2026-04-09,06:55:00,180.73,180.52,180.52,180.69,12207.0,NVDA
04/09/2026 07:00,2026-04-09,07:00:00,180.84,180.51,180.62,180.55,85248.0,NVDA
04/09/2026 07:05,2026-04-09,07:05:00,180.78,180.6,180.78,180.6,16970.0,NVDA
04/09/2026 07:10,2026-04-09,07:10:00,180.94,180.69,180.94,180.78,36696.0,NVDA
04/09/2026 07:15,2026-04-09,07:15:00,180.9,180.72,180.75,180.9,30324.0,NVDA
04/09/2026 07:20,2026-04-09,07:20:00,180.82,180.74,180.81,180.76,25108.0,NVDA
04/09/2026 07:25,2026-04-09,07:25:00,180.84,180.7,180.8,180.78,14728.0,NVDA
04/09/2026 07:30,2026-04-09,07:30:00,181.13,180.78,181.13,180.78,48628.0,NVDA
04/09/2026 07:35,2026-04-09,07:35:00,181.18,180.91,181.18,181.14,42869.0,NVDA
04/09/2026 07:40,2026-04-09,07:40:00,181.28,181.1,181.1,181.2,29943.0,NVDA
04/09/2026 07:45,2026-04-09,07:45:00,181.27,181.1,181.26,181.11,21911.0,NVDA
04/09/2026 07:50,2026-04-09,07:50:00,181.31,181.21,181.28,181.25,26125.0,NVDA
04/09/2026 07:55,2026-04-09,07:55:00,181.34,181.22,181.27,181.28,10556.0,NVDA
04/09/2026 08:00,2026-04-09,08:00:00,181.31,181.23,181.3,181.25,22792.0,NVDA
04/09/2026 08:05,2026-04-09,08:05:00,181.35,181.21,181.35,181.22,34377.0,NVDA
04/09/2026 08:10,2026-04-09,08:10:00,181.39,181.21,181.22,181.35,47827.0,NVDA
04/09/2026 08:15,2026-04-09,08:15:00,181.35,181.21,181.3,181.23,47799.0,NVDA
04/09/2026 08:20,2026-04-09,08:20:00,181.3,181.08,181.09,181.3,47887.0,NVDA
04/09/2026 08:25,2026-04-09,08:25:00,182.08,181.0,181.06,181.08,55477.0,NVDA
04/09/2026 08:30,2026-04-09,08:30:00,181.18,180.87,181.05,181.06,46967.0,NVDA
04/09/2026 08:35,2026-04-09,08:35:00,181.19,181.02,181.03,181.04,40134.0,NVDA
04/09/2026 08:40,2026-04-09,08:40:00,181.29,180.95,181.22,181.05,48747.0,NVDA
04/09/2026 08:45,2026-04-09,08:45:00,181.3,181.1,181.13,181.2,24037.0,NVDA
04/09/2026 08:50,2026-04-09,08:50:00,181.15,181.03,181.13,181.11,22552.0,NVDA
04/09/2026 08:55,2026-04-09,08:55:00,181.32,181.14,181.23,181.15,11974.0,NVDA
04/09/2026 09:00,2026-04-09,09:00:00,181.35,180.95,181.07,181.23,60090.0,NVDA
04/09/2026 09:05,2026-04-09,09:05:00,181.18,180.98,181.03,181.07,34603.0,NVDA
04/09/2026 09:10,2026-04-09,09:10:00,181.07,180.71,180.74,181.0,58263.0,NVDA
04/09/2026 09:15,2026-04-09,09:15:00,180.8,180.7,180.74,180.75,61731.0,NVDA
04/09/2026 09:20,2026-04-09,09:20:00,180.75,180.7,180.73,180.74,40151.0,NVDA
04/09/2026 09:25,2026-04-09,09:25:00,181.91,180.75,181.8,180.8,426143.0,NVDA
04/09/2026 09:30,2026-04-09,09:30:00,182.25,180.62,180.82,181.84,3703995.0,NVDA
04/09/2026 09:35,2026-04-09,09:35:00,181.87,180.81,181.27,180.85,2317796.0,NVDA
04/09/2026 09:40,2026-04-09,09:40:00,181.96,180.94,181.87,181.26,2009775.0,NVDA
04/09/2026 09:45,2026-04-09,09:45:00,181.96,181.51,181.73,181.87,1799856.0,NVDA
04/09/2026 09:50,2026-04-09,09:50:00,181.93,181.46,181.54,181.73,1073164.0,NVDA
04/09/2026 09:55,2026-04-09,09:55:00,181.62,181.13,181.48,181.54,1604020.0,NVDA
04/09/2026 10:00,2026-04-09,10:00:00,181.99,181.32,181.95,181.49,1357764.0,NVDA
04/09/2026 10:05,2026-04-09,10:05:00,182.25,181.78,181.81,181.94,1581198.0,NVDA
04/09/2026 10:10,2026-04-09,10:10:00,182.11,181.6,181.88,181.8,1362843.0,NVDA
04/09/2026 10:15,2026-04-09,10:15:00,181.88,181.29,181.44,181.87,1191101.0,NVDA
04/09/2026 10:20,2026-04-09,10:20:00,181.85,181.37,181.71,181.44,1263843.0,NVDA
04/09/2026 10:25,2026-04-09,10:25:00,181.81,181.41,181.62,181.71,1013112.0,NVDA
04/09/2026 10:30,2026-04-09,10:30:00,181.71,181.39,181.63,181.61,1036366.0,NVDA
04/09/2026 10:35,2026-04-09,10:35:00,181.86,181.5,181.83,181.64,938767.0,NVDA
04/09/2026 10:40,2026-04-09,10:40:00,181.98,181.76,181.95,181.82,886159.0,NVDA
04/09/2026 10:45,2026-04-09,10:45:00,182.5,181.91,182.39,181.94,1827951.0,NVDA
04/09/2026 10:50,2026-04-09,10:50:00,182.72,182.34,182.59,182.39,1547527.0,NVDA
04/09/2026 10:55,2026-04-09,10:55:00,182.76,182.34,182.53,182.58,1278465.0,NVDA
04/09/2026 11:00,2026-04-09,11:00:00,182.66,182.36,182.63,182.53,1041506.0,NVDA
04/09/2026 11:05,2026-04-09,11:05:00,182.77,182.51,182.69,182.64,905974.0,NVDA
04/09/2026 11:10,2026-04-09,11:10:00,183.31,182.65,183.28,182.69,1762269.0,NVDA
04/09/2026 11:15,2026-04-09,11:15:00,183.53,183.26,183.44,183.28,1694656.0,NVDA
04/09/2026 11:20,2026-04-09,11:20:00,183.48,183.1,183.16,183.44,1114938.0,NVDA
04/09/2026 11:25,2026-04-09,11:25:00,183.15,182.76,182.84,183.15,1069784.0,NVDA
04/09/2026 11:30,2026-04-09,11:30:00,183.37,182.72,183.16,182.83,1379890.0,NVDA
04/09/2026 11:35,2026-04-09,11:35:00,183.24,182.8,182.98,183.16,982109.0,NVDA
04/09/2026 11:40,2026-04-09,11:40:00,183.18,182.8,182.86,182.97,749577.0,NVDA
04/09/2026 11:45,2026-04-09,11:45:00,183.44,182.73,183.27,182.87,1165173.0,NVDA
04/09/2026 11:50,2026-04-09,11:50:00,183.42,183.19,183.41,183.28,634639.0,NVDA
04/09/2026 11:55,2026-04-09,11:55:00,183.58,183.34,183.42,183.42,1053940.0,NVDA
04/09/2026 12:00,2026-04-09,12:00:00,183.96,183.41,183.77,183.44,1620402.0,NVDA
04/09/2026 12:05,2026-04-09,12:05:00,183.77,183.47,183.52,183.76,877509.0,NVDA
04/09/2026 12:10,2026-04-09,12:10:00,183.65,183.37,183.38,183.51,761196.0,NVDA
04/09/2026 12:15,2026-04-09,12:15:00,183.49,183.31,183.42,183.38,806691.0,NVDA
04/09/2026 12:20,2026-04-09,12:20:00,183.43,183.2,183.26,183.43,647762.0,NVDA
04/09/2026 12:25,2026-04-09,12:25:00,183.61,183.21,183.53,183.25,1049103.0,NVDA
04/09/2026 12:30,2026-04-09,12:30:00,183.57,183.34,183.48,183.53,613867.0,NVDA
04/09/2026 12:35,2026-04-09,12:35:00,183.56,183.31,183.5,183.47,700978.0,NVDA
04/09/2026 12:40,2026-04-09,12:40:00,183.52,183.24,183.45,183.49,601853.0,NVDA
04/09/2026 12:45,2026-04-09,12:45:00,183.5,183.1,183.25,183.45,666141.0,NVDA
04/09/2026 12:50,2026-04-09,12:50:00,183.67,183.24,183.61,183.25,962102.0,NVDA
04/09/2026 12:55,2026-04-09,12:55:00,183.67,183.38,183.49,183.61,557545.0,NVDA
04/09/2026 13:00,2026-04-09,13:00:00,183.62,183.39,183.6,183.48,453041.0,NVDA
04/09/2026 13:05,2026-04-09,13:05:00,183.82,183.54,183.68,183.61,841651.0,NVDA
04/09/2026 13:10,2026-04-09,13:10:00,183.89,183.61,183.74,183.68,531028.0,NVDA
04/09/2026 13:15,2026-04-09,13:15:00,183.86,183.67,183.78,183.74,503381.0,NVDA
04/09/2026 13:20,2026-04-09,13:20:00,183.8,183.65,183.7,183.77,415259.0,NVDA
04/09/2026 13:25,2026-04-09,13:25:00,183.71,183.43,183.46,183.7,611552.0,NVDA
04/09/2026 13:30,2026-04-09,13:30:00,183.46,183.16,183.3,183.46,641794.0,NVDA
04/09/2026 13:35,2026-04-09,13:35:00,183.69,183.3,183.66,183.31,708595.0,NVDA
04/09/2026 13:40,2026-04-09,13:40:00,183.74,183.57,183.61,183.67,571339.0,NVDA
04/09/2026 13:45,2026-04-09,13:45:00,183.69,183.52,183.61,183.61,481855.0,NVDA
04/09/2026 13:50,2026-04-09,13:50:00,183.62,183.43,183.48,183.61,479872.0,NVDA
04/09/2026 13:55,2026-04-09,13:55:00,183.58,183.4,183.55,183.48,523947.0,NVDA
04/09/2026 14:00,2026-04-09,14:00:00,183.69,183.0,183.14,183.55,1040134.0,NVDA
04/09/2026 14:05,2026-04-09,14:05:00,183.47,183.14,183.42,183.16,729475.0,NVDA
04/09/2026 14:10,2026-04-09,14:10:00,183.48,183.2,183.34,183.42,516521.0,NVDA
04/09/2026 14:15,2026-04-09,14:15:00,183.5,183.27,183.35,183.34,522249.0,NVDA
04/09/2026 14:20,2026-04-09,14:20:00,183.37,183.07,183.15,183.35,603012.0,NVDA
04/09/2026 14:25,2026-04-09,14:25:00,183.22,183.01,183.1,183.14,546464.0,NVDA
04/09/2026 14:30,2026-04-09,14:30:00,183.19,182.92,182.98,183.08,557121.0,NVDA
04/09/2026 14:35,2026-04-09,14:35:00,183.49,182.96,183.48,182.98,743751.0,NVDA
04/09/2026 14:40,2026-04-09,14:40:00,183.56,183.33,183.39,183.48,681232.0,NVDA
04/09/2026 14:45,2026-04-09,14:45:00,183.53,183.35,183.47,183.39,354234.0,NVDA
04/09/2026 14:50,2026-04-09,14:50:00,183.49,183.26,183.44,183.48,491877.0,NVDA
04/09/2026 14:55,2026-04-09,14:55:00,183.6,183.44,183.47,183.44,510439.0,NVDA
04/09/2026 15:00,2026-04-09,15:00:00,183.84,183.44,183.77,183.47,831221.0,NVDA
04/09/2026 15:05,2026-04-09,15:05:00,183.82,183.66,183.76,183.78,506225.0,NVDA
04/09/2026 15:10,2026-04-09,15:10:00,183.82,183.69,183.71,183.77,688641.0,NVDA
04/09/2026 15:15,2026-04-09,15:15:00,183.8,183.47,183.65,183.72,759704.0,NVDA
04/09/2026 15:20,2026-04-09,15:20:00,183.69,183.5,183.55,183.65,582479.0,NVDA
04/09/2026 15:25,2026-04-09,15:25:00,183.76,183.54,183.65,183.55,754729.0,NVDA
04/09/2026 15:30,2026-04-09,15:30:00,183.85,183.6,183.78,183.65,800646.0,NVDA
04/09/2026 15:35,2026-04-09,15:35:00,183.85,183.71,183.75,183.78,711958.0,NVDA
04/09/2026 15:40,2026-04-09,15:40:00,183.83,183.6,183.74,183.75,892202.0,NVDA
04/09/2026 15:45,2026-04-09,15:45:00,183.81,183.61,183.65,183.74,974178.0,NVDA
04/09/2026 15:50,2026-04-09,15:50:00,184.08,183.63,183.93,183.65,2190849.0,NVDA
04/09/2026 15:55,2026-04-09,15:55:00,184.07,183.77,183.86,183.94,3078575.0,NVDA
04/09/2026 16:00,2026-04-09,16:00:00,183.95,183.5,183.91,183.91,12594432.0,NVDA
04/09/2026 16:05,2026-04-09,16:05:00,183.91,183.58,183.7,183.68,651899.0,NVDA
04/09/2026 16:10,2026-04-09,16:10:00,183.8,183.64,183.64,183.71,19023.0,NVDA
04/09/2026 16:15,2026-04-09,16:15:00,183.65,183.62,183.63,183.64,15609.0,NVDA
04/09/2026 16:20,2026-04-09,16:20:00,183.63,183.5,183.5,183.62,22828.0,NVDA
04/09/2026 16:25,2026-04-09,16:25:00,183.58,183.46,183.55,183.58,9066.0,NVDA
04/09/2026 16:30,2026-04-09,16:30:00,183.8,183.54,183.78,183.54,21157.0,NVDA
04/09/2026 16:35,2026-04-09,16:35:00,183.8,183.66,183.66,183.77,11935.0,NVDA
04/09/2026 16:40,2026-04-09,16:40:00,183.7,183.65,183.69,183.65,15977.0,NVDA
04/09/2026 16:45,2026-04-09,16:45:00,183.7,183.61,183.64,183.67,15030.0,NVDA
04/09/2026 16:50,2026-04-09,16:50:00,183.69,183.64,183.68,183.64,4665.0,NVDA
04/09/2026 16:55,2026-04-09,16:55:00,183.68,183.65,183.68,183.68,12602.0,NVDA
04/09/2026 17:00,2026-04-09,17:00:00,183.69,183.66,183.66,183.68,3779.0,NVDA
04/09/2026 17:05,2026-04-09,17:05:00,183.67,183.65,183.65,183.66,4263.0,NVDA
04/09/2026 17:10,2026-04-09,17:10:00,183.75,183.52,183.52,183.65,25671.0,NVDA
04/09/2026 17:15,2026-04-09,17:15:00,183.6,183.47,183.48,183.51,12860.0,NVDA
04/09/2026 17:20,2026-04-09,17:20:00,183.7,183.47,183.52,183.47,11682.0,NVDA
04/09/2026 17:25,2026-04-09,17:25:00,183.55,183.5,183.5,183.52,6082.0,NVDA
04/09/2026 17:30,2026-04-09,17:30:00,183.56,183.47,183.47,183.5,12869.0,NVDA
04/09/2026 17:35,2026-04-09,17:35:00,183.52,183.47,183.5,183.48,5448.0,NVDA
04/09/2026 17:40,2026-04-09,17:40:00,183.55,183.49,183.55,183.5,9681.0,NVDA
04/09/2026 17:45,2026-04-09,17:45:00,183.55,183.51,183.55,183.52,3372.0,NVDA
04/09/2026 17:50,2026-04-09,17:50:00,183.6,183.52,183.6,183.53,5763.0,NVDA
04/09/2026 17:55,2026-04-09,17:55:00,183.6,183.5,183.52,183.6,17105.0,NVDA
04/09/2026 18:00,2026-04-09,18:00:00,183.7,183.5,183.7,183.5,14261.0,NVDA
04/09/2026 18:05,2026-04-09,18:05:00,183.63,183.55,183.6,183.62,1987.0,NVDA
04/09/2026 18:10,2026-04-09,18:10:00,183.66,183.53,183.61,183.6,7548.0,NVDA
04/09/2026 18:15,2026-04-09,18:15:00,183.61,183.53,183.55,183.61,9986.0,NVDA
04/09/2026 18:20,2026-04-09,18:20:00,183.65,183.51,183.58,183.55,20899.0,NVDA
04/09/2026 18:25,2026-04-09,18:25:00,183.58,183.42,183.42,183.58,14938.0,NVDA
04/09/2026 18:30,2026-04-09,18:30:00,183.41,183.3,183.4,183.41,17395.0,NVDA
04/09/2026 18:35,2026-04-09,18:35:00,183.45,183.36,183.36,183.37,3507.0,NVDA
04/09/2026 18:40,2026-04-09,18:40:00,183.5,183.32,183.45,183.36,10911.0,NVDA
04/09/2026 18:45,2026-04-09,18:45:00,183.5,183.35,183.35,183.45,9775.0,NVDA
04/09/2026 18:50,2026-04-09,18:50:00,183.37,183.32,183.32,183.36,8607.0,NVDA
04/09/2026 18:55,2026-04-09,18:55:00,183.31,183.2,183.2,183.3,6543.0,NVDA
04/09/2026 19:00,2026-04-09,19:00:00,183.3,183.11,183.2,183.21,13146.0,NVDA
04/09/2026 19:05,2026-04-09,19:05:00,183.3,183.14,183.28,183.16,12386.0,NVDA
04/09/2026 19:10,2026-04-09,19:10:00,183.37,183.22,183.33,183.25,9877.0,NVDA
04/09/2026 19:15,2026-04-09,19:15:00,183.35,183.23,183.24,183.32,14937.0,NVDA
04/09/2026 19:20,2026-04-09,19:20:00,183.28,183.22,183.25,183.22,8862.0,NVDA
04/09/2026 19:25,2026-04-09,19:25:00,183.32,183.23,183.25,183.26,10593.0,NVDA
04/09/2026 19:30,2026-04-09,19:30:00,183.25,183.15,183.18,183.23,22801.0,NVDA
04/09/2026 19:35,2026-04-09,19:35:00,183.25,183.15,183.16,183.2,11765.0,NVDA
04/09/2026 19:40,2026-04-09,19:40:00,183.18,183.14,183.16,183.16,17715.0,NVDA
04/09/2026 19:45,2026-04-09,19:45:00,183.26,183.1,183.17,183.17,20410.0,NVDA
04/09/2026 19:50,2026-04-09,19:50:00,183.25,183.0,183.02,183.2,15209.0,NVDA
04/09/2026 19:55,2026-04-09,19:55:00,183.1,182.9,183.05,183.02,67263.0,NVDA
04/10/2026 04:00,2026-04-10,04:00:00,183.61,182.85,183.11,183.0,193154.0,NVDA
04/10/2026 04:05,2026-04-10,04:05:00,183.6,183.0,183.22,183.09,14181.0,NVDA
04/10/2026 04:10,2026-04-10,04:10:00,183.3,183.06,183.09,183.25,15998.0,NVDA
04/10/2026 04:15,2026-04-10,04:15:00,183.15,182.96,183.0,183.09,10621.0,NVDA
04/10/2026 04:20,2026-04-10,04:20:00,183.11,183.02,183.1,183.06,6191.0,NVDA
04/10/2026 04:25,2026-04-10,04:25:00,183.15,183.05,183.05,183.12,3211.0,NVDA
04/10/2026 04:30,2026-04-10,04:30:00,183.05,182.9,182.91,183.05,9411.0,NVDA
04/10/2026 04:35,2026-04-10,04:35:00,182.99,182.84,182.88,182.99,12482.0,NVDA
04/10/2026 04:40,2026-04-10,04:40:00,183.0,182.85,182.85,182.88,5677.0,NVDA
04/10/2026 04:45,2026-04-10,04:45:00,183.0,182.85,182.85,182.9,4984.0,NVDA
04/10/2026 04:50,2026-04-10,04:50:00,182.9,182.7,182.71,182.9,7897.0,NVDA
04/10/2026 04:55,2026-04-10,04:55:00,182.75,182.53,182.61,182.75,11451.0,NVDA
04/10/2026 05:00,2026-04-10,05:00:00,182.82,182.68,182.82,182.69,14792.0,NVDA
04/10/2026 05:05,2026-04-10,05:05:00,182.87,182.75,182.79,182.8,3525.0,NVDA
04/10/2026 05:10,2026-04-10,05:10:00,183.0,182.7,182.99,182.7,23444.0,NVDA
04/10/2026 05:15,2026-04-10,05:15:00,183.28,182.8,183.28,182.84,13228.0,NVDA
04/10/2026 05:20,2026-04-10,05:20:00,183.29,183.04,183.04,183.17,6945.0,NVDA
04/10/2026 05:25,2026-04-10,05:25:00,183.09,182.8,182.97,183.07,9968.0,NVDA
04/10/2026 05:30,2026-04-10,05:30:00,182.99,182.7,182.8,182.99,15417.0,NVDA
04/10/2026 05:35,2026-04-10,05:35:00,182.85,182.36,182.52,182.81,26767.0,NVDA
04/10/2026 05:40,2026-04-10,05:40:00,182.7,182.38,182.7,182.64,18917.0,NVDA
04/10/2026 05:45,2026-04-10,05:45:00,182.7,182.55,182.63,182.65,3483.0,NVDA
04/10/2026 05:50,2026-04-10,05:50:00,182.86,182.59,182.81,182.63,17801.0,NVDA
04/10/2026 05:55,2026-04-10,05:55:00,182.83,182.77,182.81,182.81,2982.0,NVDA
04/10/2026 06:00,2026-04-10,06:00:00,182.85,182.68,182.7,182.85,3494.0,NVDA
04/10/2026 06:05,2026-04-10,06:05:00,182.8,182.68,182.73,182.68,3681.0,NVDA
04/10/2026 06:10,2026-04-10,06:10:00,182.87,182.78,182.79,182.8,2901.0,NVDA
04/10/2026 06:15,2026-04-10,06:15:00,182.99,182.76,182.99,182.8,3478.0,NVDA
04/10/2026 06:20,2026-04-10,06:20:00,183.03,182.95,183.02,182.98,3249.0,NVDA
04/10/2026 06:25,2026-04-10,06:25:00,183.26,183.06,183.1,183.07,8984.0,NVDA
04/10/2026 06:30,2026-04-10,06:30:00,183.13,182.9,183.0,183.1,4861.0,NVDA
04/10/2026 06:35,2026-04-10,06:35:00,183.1,182.99,183.09,183.0,1481.0,NVDA
04/10/2026 06:40,2026-04-10,06:40:00,183.15,183.0,183.01,183.06,9498.0,NVDA
04/10/2026 06:45,2026-04-10,06:45:00,183.04,182.91,183.04,183.0,1982.0,NVDA
04/10/2026 06:50,2026-04-10,06:50:00,183.11,183.03,183.07,183.03,3553.0,NVDA
04/10/2026 06:55,2026-04-10,06:55:00,183.17,183.03,183.11,183.08,6870.0,NVDA
04/10/2026 07:00,2026-04-10,07:00:00,183.4,183.06,183.34,183.08,58440.0,NVDA
04/10/2026 07:05,2026-04-10,07:05:00,183.37,183.19,183.23,183.34,32129.0,NVDA
04/10/2026 07:10,2026-04-10,07:10:00,183.3,183.15,183.21,183.24,16946.0,NVDA
04/10/2026 07:15,2026-04-10,07:15:00,183.38,183.19,183.37,183.23,22747.0,NVDA
04/10/2026 07:20,2026-04-10,07:20:00,183.5,183.35,183.46,183.37,66943.0,NVDA
04/10/2026 07:25,2026-04-10,07:25:00,183.47,183.28,183.3,183.46,28584.0,NVDA
04/10/2026 07:30,2026-04-10,07:30:00,183.51,183.18,183.31,183.35,40461.0,NVDA
04/10/2026 07:35,2026-04-10,07:35:00,183.72,183.34,183.6,183.34,30850.0,NVDA
04/10/2026 07:40,2026-04-10,07:40:00,183.75,183.5,183.6,183.62,30451.0,NVDA
04/10/2026 07:45,2026-04-10,07:45:00,183.7,183.55,183.56,183.6,16659.0,NVDA
04/10/2026 07:50,2026-04-10,07:50:00,183.61,183.44,183.48,183.56,18859.0,NVDA
04/10/2026 07:55,2026-04-10,07:55:00,183.49,183.31,183.37,183.49,11953.0,NVDA
04/10/2026 08:00,2026-04-10,08:00:00,183.55,183.35,183.35,183.37,27629.0,NVDA
04/10/2026 08:05,2026-04-10,08:05:00,183.53,183.31,183.49,183.35,17476.0,NVDA
04/10/2026 08:10,2026-04-10,08:10:00,183.69,183.4,183.55,183.52,28903.0,NVDA
04/10/2026 08:15,2026-04-10,08:15:00,183.69,183.5,183.68,183.55,26586.0,NVDA
04/10/2026 08:20,2026-04-10,08:20:00,183.84,183.58,183.69,183.65,93786.0,NVDA
04/10/2026 08:25,2026-04-10,08:25:00,183.85,183.6,183.63,183.7,78088.0,NVDA
04/10/2026 08:30,2026-04-10,08:30:00,184.24,183.63,183.73,183.9,185820.0,NVDA
04/10/2026 08:35,2026-04-10,08:35:00,183.9,183.7,183.86,183.87,41512.0,NVDA
04/10/2026 08:40,2026-04-10,08:40:00,183.9,183.75,183.89,183.89,32801.0,NVDA
04/10/2026 08:45,2026-04-10,08:45:00,184.15,183.86,184.11,183.87,58344.0,NVDA
04/10/2026 08:50,2026-04-10,08:50:00,184.18,183.95,183.97,184.11,54370.0,NVDA
04/10/2026 08:55,2026-04-10,08:55:00,184.1,183.9,184.05,183.97,34172.0,NVDA
04/10/2026 09:00,2026-04-10,09:00:00,184.07,183.88,184.04,183.95,21617.0,NVDA
04/10/2026 09:05,2026-04-10,09:05:00,184.18,184.0,184.13,184.03,60778.0,NVDA
04/10/2026 09:10,2026-04-10,09:10:00,184.39,184.04,184.31,184.11,69914.0,NVDA
04/10/2026 09:15,2026-04-10,09:15:00,184.33,184.12,184.13,184.32,83660.0,NVDA
04/10/2026 09:20,2026-04-10,09:20:00,184.25,184.03,184.04,184.12,39835.0,NVDA
04/10/2026 09:25,2026-04-10,09:25:00,184.41,184.09,184.38,184.09,59621.0,NVDA
04/10/2026 09:30,2026-04-10,09:30:00,186.5,184.3,185.68,184.31,5401689.0,NVDA
04/10/2026 09:35,2026-04-10,09:35:00,186.3,185.13,185.31,185.69,3148863.0,NVDA
04/10/2026 09:40,2026-04-10,09:40:00,186.07,185.11,185.83,185.3,2158584.0,NVDA
04/10/2026 09:45,2026-04-10,09:45:00,187.21,185.81,186.93,185.84,4389232.0,NVDA
04/10/2026 09:50,2026-04-10,09:50:00,187.92,186.72,187.87,186.93,3352043.0,NVDA
04/10/2026 09:55,2026-04-10,09:55:00,187.9,186.97,187.06,187.86,2358391.0,NVDA
04/10/2026 10:00,2026-04-10,10:00:00,187.1,186.38,186.49,187.08,2101147.0,NVDA
04/10/2026 10:05,2026-04-10,10:05:00,186.78,186.4,186.61,186.49,1679181.0,NVDA
04/10/2026 10:10,2026-04-10,10:10:00,187.35,186.31,187.25,186.63,2248397.0,NVDA
04/10/2026 10:15,2026-04-10,10:15:00,187.38,187.11,187.34,187.24,1458460.0,NVDA
04/10/2026 10:20,2026-04-10,10:20:00,187.61,187.3,187.56,187.34,1681798.0,NVDA
04/10/2026 10:25,2026-04-10,10:25:00,187.83,187.47,187.83,187.56,2052080.0,NVDA
04/10/2026 10:30,2026-04-10,10:30:00,188.46,187.73,188.31,187.83,3591462.0,NVDA
04/10/2026 10:35,2026-04-10,10:35:00,188.83,187.95,188.56,188.31,2810042.0,NVDA
04/10/2026 10:40,2026-04-10,10:40:00,188.67,188.03,188.09,188.57,2005542.0,NVDA
04/10/2026 10:45,2026-04-10,10:45:00,188.48,187.93,188.21,188.1,1834421.0,NVDA
04/10/2026 10:50,2026-04-10,10:50:00,188.71,188.2,188.41,188.22,1510616.0,NVDA
04/10/2026 10:55,2026-04-10,10:55:00,188.95,188.27,188.9,188.41,1840808.0,NVDA
04/10/2026 11:00,2026-04-10,11:00:00,189.0,188.65,188.7,188.9,2150982.0,NVDA
04/10/2026 11:05,2026-04-10,11:05:00,189.22,188.58,189.09,188.7,2083487.0,NVDA
04/10/2026 11:10,2026-04-10,11:10:00,189.17,188.69,189.07,189.08,1622222.0,NVDA
04/10/2026 11:15,2026-04-10,11:15:00,189.63,189.07,189.4,189.07,2370913.0,NVDA
04/10/2026 11:20,2026-04-10,11:20:00,190.0,189.37,189.9,189.4,2753771.0,NVDA
04/10/2026 11:25,2026-04-10,11:25:00,189.96,189.47,189.48,189.89,2142408.0,NVDA
04/10/2026 11:30,2026-04-10,11:30:00,189.59,189.1,189.12,189.48,1812809.0,NVDA
04/10/2026 11:35,2026-04-10,11:35:00,189.14,188.59,188.61,189.11,1624362.0,NVDA
04/10/2026 11:40,2026-04-10,11:40:00,188.94,188.47,188.86,188.61,1806598.0,NVDA
04/10/2026 11:45,2026-04-10,11:45:00,189.03,188.67,188.77,188.86,1357971.0,NVDA
04/10/2026 11:50,2026-04-10,11:50:00,188.8,188.4,188.45,188.77,1305817.0,NVDA
04/10/2026 11:55,2026-04-10,11:55:00,188.53,188.15,188.44,188.44,1376676.0,NVDA
04/10/2026 12:00,2026-04-10,12:00:00,188.51,188.09,188.25,188.44,1208120.0,NVDA
04/10/2026 12:05,2026-04-10,12:05:00,188.56,188.18,188.35,188.25,1023860.0,NVDA
04/10/2026 12:10,2026-04-10,12:10:00,188.78,188.33,188.63,188.34,1258400.0,NVDA
04/10/2026 12:15,2026-04-10,12:15:00,188.7,188.43,188.54,188.62,696290.0,NVDA
04/10/2026 12:20,2026-04-10,12:20:00,188.75,188.26,188.73,188.55,875056.0,NVDA
04/10/2026 12:25,2026-04-10,12:25:00,188.74,188.43,188.46,188.74,638906.0,NVDA
04/10/2026 12:30,2026-04-10,12:30:00,188.56,188.23,188.33,188.45,728588.0,NVDA
04/10/2026 12:35,2026-04-10,12:35:00,188.41,188.17,188.22,188.34,678011.0,NVDA
04/10/2026 12:40,2026-04-10,12:40:00,188.3,187.98,188.15,188.22,1003058.0,NVDA
04/10/2026 12:45,2026-04-10,12:45:00,188.49,188.14,188.47,188.15,830310.0,NVDA
04/10/2026 12:50,2026-04-10,12:50:00,188.58,187.93,188.48,188.47,1465532.0,NVDA
04/10/2026 12:55,2026-04-10,12:55:00,188.53,188.35,188.52,188.49,695032.0,NVDA
04/10/2026 13:00,2026-04-10,13:00:00,188.62,188.38,188.45,188.52,711012.0,NVDA
04/10/2026 13:05,2026-04-10,13:05:00,188.58,188.39,188.48,188.44,525104.0,NVDA
04/10/2026 13:10,2026-04-10,13:10:00,188.52,188.31,188.46,188.48,489768.0,NVDA
04/10/2026 13:15,2026-04-10,13:15:00,188.52,188.29,188.41,188.45,494838.0,NVDA
04/10/2026 13:20,2026-04-10,13:20:00,188.42,188.14,188.25,188.42,651616.0,NVDA
04/10/2026 13:25,2026-04-10,13:25:00,188.44,188.1,188.15,188.25,703910.0,NVDA
04/10/2026 13:30,2026-04-10,13:30:00,188.28,187.96,188.28,188.14,749020.0,NVDA
04/10/2026 13:35,2026-04-10,13:35:00,188.35,188.08,188.2,188.28,606238.0,NVDA
04/10/2026 13:40,2026-04-10,13:40:00,188.52,188.2,188.5,188.2,632529.0,NVDA
04/10/2026 13:45,2026-04-10,13:45:00,188.57,188.41,188.47,188.5,473119.0,NVDA
04/10/2026 13:50,2026-04-10,13:50:00,188.71,188.47,188.71,188.48,666544.0,NVDA
04/10/2026 13:55,2026-04-10,13:55:00,188.77,188.56,188.67,188.71,579901.0,NVDA
04/10/2026 14:00,2026-04-10,14:00:00,188.71,188.39,188.42,188.67,487502.0,NVDA
04/10/2026 14:05,2026-04-10,14:05:00,188.46,188.3,188.44,188.41,562430.0,NVDA
04/10/2026 14:10,2026-04-10,14:10:00,188.67,188.39,188.59,188.45,546139.0,NVDA
04/10/2026 14:15,2026-04-10,14:15:00,188.74,188.54,188.71,188.6,519297.0,NVDA
04/10/2026 14:20,2026-04-10,14:20:00,189.0,188.7,188.85,188.71,1197429.0,NVDA
04/10/2026 14:25,2026-04-10,14:25:00,188.85,188.53,188.59,188.84,749419.0,NVDA
04/10/2026 14:30,2026-04-10,14:30:00,188.6,188.38,188.49,188.58,607597.0,NVDA
04/10/2026 14:35,2026-04-10,14:35:00,188.7,188.45,188.66,188.5,583421.0,NVDA
04/10/2026 14:40,2026-04-10,14:40:00,188.72,188.58,188.64,188.67,679846.0,NVDA
04/10/2026 14:45,2026-04-10,14:45:00,188.81,188.61,188.78,188.63,574246.0,NVDA
04/10/2026 14:50,2026-04-10,14:50:00,188.94,188.76,188.82,188.78,617585.0,NVDA
04/10/2026 14:55,2026-04-10,14:55:00,188.92,188.77,188.78,188.81,767793.0,NVDA
04/10/2026 15:00,2026-04-10,15:00:00,189.15,188.76,189.13,188.78,1373147.0,NVDA
04/10/2026 15:05,2026-04-10,15:05:00,189.32,189.12,189.24,189.14,1473222.0,NVDA
04/10/2026 15:10,2026-04-10,15:10:00,189.57,189.21,189.43,189.24,1221203.0,NVDA
04/10/2026 15:15,2026-04-10,15:15:00,189.57,189.15,189.56,189.44,1139034.0,NVDA
04/10/2026 15:20,2026-04-10,15:20:00,189.75,189.4,189.47,189.56,1409494.0,NVDA
04/10/2026 15:25,2026-04-10,15:25:00,189.5,189.32,189.39,189.47,973952.0,NVDA
04/10/2026 15:30,2026-04-10,15:30:00,189.39,189.09,189.13,189.39,1171108.0,NVDA
04/10/2026 15:35,2026-04-10,15:35:00,189.2,188.98,189.02,189.13,1210592.0,NVDA
04/10/2026 15:40,2026-04-10,15:40:00,189.03,188.67,188.93,189.03,1386217.0,NVDA
04/10/2026 15:45,2026-04-10,15:45:00,188.97,188.58,188.62,188.92,1180423.0,NVDA
04/10/2026 15:50,2026-04-10,15:50:00,188.67,188.31,188.34,188.63,1967630.0,NVDA
04/10/2026 15:55,2026-04-10,15:55:00,188.78,188.11,188.64,188.34,3896683.0,NVDA
04/10/2026 16:00,2026-04-10,16:00:00,188.77,188.46,188.63,188.73,12904575.0,NVDA
04/10/2026 16:05,2026-04-10,16:05:00,189.0,188.4,188.54,188.48,106332.0,NVDA
04/10/2026 16:10,2026-04-10,16:10:00,188.58,188.5,188.52,188.51,34587.0,NVDA
04/10/2026 16:15,2026-04-10,16:15:00,188.7,188.51,188.57,188.51,39652.0,NVDA
04/10/2026 16:20,2026-04-10,16:20:00,188.75,188.55,188.65,188.55,22446.0,NVDA
04/10/2026 16:25,2026-04-10,16:25:00,188.8,188.62,188.7,188.66,38279.0,NVDA
04/10/2026 16:30,2026-04-10,16:30:00,188.85,188.64,188.79,188.71,20000.0,NVDA
04/10/2026 16:35,2026-04-10,16:35:00,188.8,188.65,188.66,188.8,10620.0,NVDA
04/10/2026 16:40,2026-04-10,16:40:00,188.71,188.62,188.67,188.65,22858.0,NVDA
04/10/2026 16:45,2026-04-10,16:45:00,188.66,188.45,188.48,188.66,36887.0,NVDA
04/10/2026 16:50,2026-04-10,16:50:00,188.71,188.46,188.65,188.48,67511.0,NVDA
04/10/2026 16:55,2026-04-10,16:55:00,188.8,188.66,188.74,188.68,30683.0,NVDA
04/10/2026 17:00,2026-04-10,17:00:00,188.73,188.63,188.63,188.73,7544.0,NVDA
04/10/2026 17:05,2026-04-10,17:05:00,188.65,188.57,188.57,188.63,49590.0,NVDA
04/10/2026 17:10,2026-04-10,17:10:00,188.58,188.51,188.52,188.54,5883.0,NVDA
04/10/2026 17:15,2026-04-10,17:15:00,188.58,188.51,188.56,188.51,6128.0,NVDA
04/10/2026 17:20,2026-04-10,17:20:00,188.55,188.5,188.51,188.55,8617.0,NVDA
04/10/2026 17:25,2026-04-10,17:25:00,188.53,188.51,188.51,188.52,8020.0,NVDA
04/10/2026 17:30,2026-04-10,17:30:00,188.53,188.48,188.48,188.51,5885.0,NVDA
04/10/2026 17:35,2026-04-10,17:35:00,188.5,188.46,188.46,188.49,10779.0,NVDA
04/10/2026 17:40,2026-04-10,17:40:00,188.48,188.4,188.45,188.46,26574.0,NVDA
04/10/2026 17:45,2026-04-10,17:45:00,188.42,188.35,188.36,188.4,12478.0,NVDA
04/10/2026 17:50,2026-04-10,17:50:00,188.5,188.34,188.43,188.36,14671.0,NVDA
04/10/2026 17:55,2026-04-10,17:55:00,188.44,188.4,188.4,188.41,2360.0,NVDA
04/10/2026 18:00,2026-04-10,18:00:00,188.43,188.3,188.31,188.43,18145.0,NVDA
04/10/2026 18:05,2026-04-10,18:05:00,188.33,188.26,188.28,188.32,24333.0,NVDA
04/10/2026 18:10,2026-04-10,18:10:00,188.3,188.25,188.26,188.27,10497.0,NVDA
04/10/2026 18:15,2026-04-10,18:15:00,188.3,188.25,188.28,188.27,7049.0,NVDA
04/10/2026 18:20,2026-04-10,18:20:00,188.28,188.27,188.28,188.27,7464.0,NVDA
04/10/2026 18:25,2026-04-10,18:25:00,188.27,188.22,188.27,188.27,18447.0,NVDA
04/10/2026 18:30,2026-04-10,18:30:00,188.28,188.21,188.22,188.25,11157.0,NVDA
04/10/2026 18:35,2026-04-10,18:35:00,188.26,188.2,188.25,188.21,9625.0,NVDA
04/10/2026 18:40,2026-04-10,18:40:00,188.24,188.2,188.21,188.22,6939.0,NVDA
04/10/2026 18:45,2026-04-10,18:45:00,188.26,188.2,188.2,188.21,6428.0,NVDA
04/10/2026 18:50,2026-04-10,18:50:00,188.25,188.2,188.21,188.25,5285.0,NVDA
04/10/2026 18:55,2026-04-10,18:55:00,188.22,188.17,188.18,188.22,8658.0,NVDA
04/10/2026 19:00,2026-04-10,19:00:00,188.2,188.18,188.2,188.19,7871.0,NVDA
04/10/2026 19:05,2026-04-10,19:05:00,188.22,188.17,188.18,188.21,7844.0,NVDA
04/10/2026 19:10,2026-04-10,19:10:00,188.2,188.18,188.18,188.2,7904.0,NVDA
04/10/2026 19:15,2026-04-10,19:15:00,188.2,188.17,188.17,188.18,7795.0,NVDA
04/10/2026 19:20,2026-04-10,19:20:00,188.18,188.14,188.15,188.18,20086.0,NVDA
04/10/2026 19:25,2026-04-10,19:25:00,188.17,188.15,188.17,188.17,7431.0,NVDA
04/10/2026 19:30,2026-04-10,19:30:00,188.18,188.16,188.17,188.16,10994.0,NVDA
04/10/2026 19:35,2026-04-10,19:35:00,188.18,188.11,188.13,188.16,17462.0,NVDA
04/10/2026 19:40,2026-04-10,19:40:00,188.25,188.13,188.25,188.15,13539.0,NVDA
04/10/2026 19:45,2026-04-10,19:45:00,188.31,188.22,188.31,188.22,31329.0,NVDA
04/10/2026 19:50,2026-04-10,19:50:00,188.43,188.31,188.43,188.32,33784.0,NVDA
04/10/2026 19:55,2026-04-10,19:55:00,188.44,188.36,188.37,188.42,43473.0,NVDA
04/13/2026 04:00,2026-04-13,04:00:00,186.2,185.14,185.91,185.8,329385.0,NVDA
04/13/2026 04:05,2026-04-13,04:05:00,185.94,185.77,185.9,185.91,37291.0,NVDA
04/13/2026 04:10,2026-04-13,04:10:00,186.13,185.23,185.97,185.88,35513.0,NVDA
04/13/2026 04:15,2026-04-13,04:15:00,186.0,185.85,185.97,185.93,11697.0,NVDA
04/13/2026 04:20,2026-04-13,04:20:00,185.95,185.9,185.93,185.92,6690.0,NVDA
04/13/2026 04:25,2026-04-13,04:25:00,186.07,185.92,186.0,185.93,8329.0,NVDA
04/13/2026 04:30,2026-04-13,04:30:00,186.12,185.9,186.05,186.03,22868.0,NVDA
04/13/2026 04:35,2026-04-13,04:35:00,186.21,186.09,186.15,186.1,14739.0,NVDA
04/13/2026 04:40,2026-04-13,04:40:00,186.15,186.05,186.06,186.15,4506.0,NVDA
04/13/2026 04:45,2026-04-13,04:45:00,186.16,186.01,186.15,186.05,5068.0,NVDA
04/13/2026 04:50,2026-04-13,04:50:00,186.23,186.1,186.23,186.1,10927.0,NVDA
04/13/2026 04:55,2026-04-13,04:55:00,186.35,186.22,186.31,186.24,12864.0,NVDA
04/13/2026 05:00,2026-04-13,05:00:00,186.6,186.36,186.5,186.36,15907.0,NVDA
04/13/2026 05:05,2026-04-13,05:05:00,186.6,186.36,186.36,186.51,14310.0,NVDA
04/13/2026 05:10,2026-04-13,05:10:00,186.34,186.3,186.34,186.34,4482.0,NVDA
04/13/2026 05:15,2026-04-13,05:15:00,186.4,186.3,186.4,186.34,5726.0,NVDA
04/13/2026 05:20,2026-04-13,05:20:00,186.59,186.43,186.53,186.43,4843.0,NVDA
04/13/2026 05:25,2026-04-13,05:25:00,186.69,186.5,186.56,186.53,13329.0,NVDA
04/13/2026 05:30,2026-04-13,05:30:00,186.61,186.5,186.61,186.53,7303.0,NVDA
04/13/2026 05:35,2026-04-13,05:35:00,186.67,186.46,186.47,186.61,7250.0,NVDA
04/13/2026 05:40,2026-04-13,05:40:00,186.56,186.28,186.42,186.47,13717.0,NVDA
04/13/2026 05:45,2026-04-13,05:45:00,186.45,186.22,186.22,186.44,5997.0,NVDA
04/13/2026 05:50,2026-04-13,05:50:00,186.27,186.22,186.26,186.23,3126.0,NVDA
04/13/2026 05:55,2026-04-13,05:55:00,186.29,186.22,186.27,186.24,3719.0,NVDA
04/13/2026 06:00,2026-04-13,06:00:00,186.26,186.13,186.15,186.24,4890.0,NVDA
04/13/2026 06:05,2026-04-13,06:05:00,186.19,186.1,186.14,186.19,10999.0,NVDA
04/13/2026 06:10,2026-04-13,06:10:00,186.2,186.07,186.18,186.17,8166.0,NVDA
04/13/2026 06:15,2026-04-13,06:15:00,186.2,186.1,186.2,186.17,5181.0,NVDA
04/13/2026 06:20,2026-04-13,06:20:00,186.3,186.17,186.3,186.21,6101.0,NVDA
04/13/2026 06:25,2026-04-13,06:25:00,186.31,186.2,186.21,186.3,10232.0,NVDA
04/13/2026 06:30,2026-04-13,06:30:00,186.27,186.2,186.22,186.25,5212.0,NVDA
04/13/2026 06:35,2026-04-13,06:35:00,186.26,186.18,186.18,186.21,12385.0,NVDA
04/13/2026 06:40,2026-04-13,06:40:00,186.27,186.17,186.27,186.22,6058.0,NVDA
04/13/2026 06:45,2026-04-13,06:45:00,186.27,185.82,186.24,186.22,25636.0,NVDA
04/13/2026 06:50,2026-04-13,06:50:00,186.27,186.21,186.22,186.25,5736.0,NVDA
04/13/2026 06:55,2026-04-13,06:55:00,186.67,186.25,186.57,186.26,33979.0,NVDA
04/13/2026 07:00,2026-04-13,07:00:00,186.8,186.0,186.7,186.57,376998.0,NVDA
04/13/2026 07:05,2026-04-13,07:05:00,186.72,186.37,186.42,186.68,80378.0,NVDA
04/13/2026 07:10,2026-04-13,07:10:00,186.56,186.38,186.56,186.38,40576.0,NVDA
04/13/2026 07:15,2026-04-13,07:15:00,186.53,186.38,186.4,186.53,31399.0,NVDA
04/13/2026 07:20,2026-04-13,07:20:00,186.5,186.2,186.21,186.41,29363.0,NVDA
04/13/2026 07:25,2026-04-13,07:25:00,186.33,186.16,186.19,186.28,29509.0,NVDA
04/13/2026 07:30,2026-04-13,07:30:00,186.26,185.99,186.01,186.26,36247.0,NVDA
04/13/2026 07:35,2026-04-13,07:35:00,186.1,185.83,185.97,186.01,45287.0,NVDA
04/13/2026 07:40,2026-04-13,07:40:00,186.09,185.85,186.02,186.0,59564.0,NVDA
04/13/2026 07:45,2026-04-13,07:45:00,186.14,185.82,185.82,186.02,45758.0,NVDA
04/13/2026 07:50,2026-04-13,07:50:00,185.83,185.61,185.69,185.83,43571.0,NVDA
04/13/2026 07:55,2026-04-13,07:55:00,185.72,185.59,185.68,185.68,36049.0,NVDA
04/13/2026 08:00,2026-04-13,08:00:00,185.8,185.46,185.51,185.64,57458.0,NVDA
04/13/2026 08:05,2026-04-13,08:05:00,185.72,185.51,185.66,185.56,31688.0,NVDA
04/13/2026 08:10,2026-04-13,08:10:00,185.84,185.68,185.78,185.69,39597.0,NVDA
04/13/2026 08:15,2026-04-13,08:15:00,185.82,185.73,185.73,185.78,39420.0,NVDA
04/13/2026 08:20,2026-04-13,08:20:00,185.77,185.67,185.73,185.72,25320.0,NVDA
04/13/2026 08:25,2026-04-13,08:25:00,185.88,185.68,185.74,185.73,24622.0,NVDA
04/13/2026 08:30,2026-04-13,08:30:00,185.82,185.5,185.69,185.73,54845.0,NVDA
04/13/2026 08:35,2026-04-13,08:35:00,185.78,185.6,185.77,185.68,42659.0,NVDA
04/13/2026 08:40,2026-04-13,08:40:00,185.91,185.76,185.86,185.78,33119.0,NVDA
04/13/2026 08:45,2026-04-13,08:45:00,186.1,185.87,186.0,185.9,77637.0,NVDA
04/13/2026 08:50,2026-04-13,08:50:00,186.2,186.0,186.15,186.02,62730.0,NVDA
04/13/2026 08:55,2026-04-13,08:55:00,186.21,185.95,185.97,186.14,54362.0,NVDA
04/13/2026 09:00,2026-04-13,09:00:00,186.0,185.85,185.9,185.98,43238.0,NVDA
04/13/2026 09:05,2026-04-13,09:05:00,185.91,185.75,185.8,185.91,81688.0,NVDA
04/13/2026 09:10,2026-04-13,09:10:00,186.02,185.78,185.98,185.8,56670.0,NVDA
04/13/2026 09:15,2026-04-13,09:15:00,185.98,185.82,185.93,185.96,59959.0,NVDA
04/13/2026 09:20,2026-04-13,09:20:00,186.12,185.94,186.04,185.95,69718.0,NVDA
04/13/2026 09:25,2026-04-13,09:25:00,186.12,185.65,186.02,185.95,121059.0,NVDA
04/13/2026 09:30,2026-04-13,09:30:00,186.45,185.74,186.45,186.03,5089830.0,NVDA
04/13/2026 09:35,2026-04-13,09:35:00,186.6,186.14,186.31,186.45,2636139.0,NVDA
04/13/2026 09:40,2026-04-13,09:40:00,186.98,186.16,186.24,186.32,2917988.0,NVDA
04/13/2026 09:45,2026-04-13,09:45:00,187.05,186.0,186.89,186.24,2457507.0,NVDA
04/13/2026 09:50,2026-04-13,09:50:00,187.67,186.73,187.66,186.89,2011814.0,NVDA
04/13/2026 09:55,2026-04-13,09:55:00,188.05,187.31,188.03,187.67,1934241.0,NVDA
04/13/2026 10:00,2026-04-13,10:00:00,188.25,187.9,188.17,188.02,1838126.0,NVDA
04/13/2026 10:05,2026-04-13,10:05:00,188.34,187.7,188.02,188.16,2201369.0,NVDA
04/13/2026 10:10,2026-04-13,10:10:00,188.11,187.74,187.89,188.02,1442390.0,NVDA
04/13/2026 10:15,2026-04-13,10:15:00,188.07,187.62,188.06,187.9,1493750.0,NVDA
04/13/2026 10:20,2026-04-13,10:20:00,188.3,187.81,188.22,188.06,1457597.0,NVDA
04/13/2026 10:25,2026-04-13,10:25:00,188.48,188.14,188.42,188.21,1171598.0,NVDA
04/13/2026 10:30,2026-04-13,10:30:00,188.54,188.13,188.51,188.41,1056504.0,NVDA
04/13/2026 10:35,2026-04-13,10:35:00,188.63,188.2,188.6,188.5,1257995.0,NVDA
04/13/2026 10:40,2026-04-13,10:40:00,188.9,188.34,188.9,188.6,1427876.0,NVDA
04/13/2026 10:45,2026-04-13,10:45:00,189.11,188.85,189.1,188.9,1546839.0,NVDA
04/13/2026 10:50,2026-04-13,10:50:00,189.36,188.97,189.27,189.1,1115708.0,NVDA
04/13/2026 10:55,2026-04-13,10:55:00,189.63,189.13,189.36,189.27,1515276.0,NVDA
04/13/2026 11:00,2026-04-13,11:00:00,189.38,188.9,189.02,189.38,1537986.0,NVDA
04/13/2026 11:05,2026-04-13,11:05:00,189.51,188.95,189.4,189.0,1280182.0,NVDA
04/13/2026 11:10,2026-04-13,11:10:00,189.66,189.28,189.48,189.39,1099660.0,NVDA
04/13/2026 11:15,2026-04-13,11:15:00,189.58,189.31,189.36,189.48,822410.0,NVDA
04/13/2026 11:20,2026-04-13,11:20:00,189.59,189.16,189.19,189.35,1033427.0,NVDA
04/13/2026 11:25,2026-04-13,11:25:00,189.24,188.58,188.61,189.18,1297129.0,NVDA
04/13/2026 11:30,2026-04-13,11:30:00,188.66,188.41,188.51,188.62,1335739.0,NVDA
04/13/2026 11:35,2026-04-13,11:35:00,188.9,188.35,188.73,188.52,1236964.0,NVDA
04/13/2026 11:40,2026-04-13,11:40:00,188.75,188.31,188.34,188.71,810125.0,NVDA
04/13/2026 11:45,2026-04-13,11:45:00,188.55,188.27,188.5,188.34,979097.0,NVDA
04/13/2026 11:50,2026-04-13,11:50:00,188.59,188.16,188.22,188.5,899368.0,NVDA
04/13/2026 11:55,2026-04-13,11:55:00,188.31,188.0,188.26,188.22,961449.0,NVDA
04/13/2026 12:00,2026-04-13,12:00:00,188.36,187.99,188.08,188.27,807546.0,NVDA
04/13/2026 12:05,2026-04-13,12:05:00,188.37,187.92,188.28,188.09,1244667.0,NVDA
04/13/2026 12:10,2026-04-13,12:10:00,188.39,188.09,188.15,188.27,693034.0,NVDA
04/13/2026 12:15,2026-04-13,12:15:00,188.31,187.92,188.19,188.15,808212.0,NVDA
04/13/2026 12:20,2026-04-13,12:20:00,188.45,188.1,188.4,188.19,696537.0,NVDA
04/13/2026 12:25,2026-04-13,12:25:00,188.62,188.21,188.45,188.39,910366.0,NVDA
04/13/2026 12:30,2026-04-13,12:30:00,188.44,187.99,188.2,188.44,849997.0,NVDA
04/13/2026 12:35,2026-04-13,12:35:00,188.44,188.16,188.19,188.2,699032.0,NVDA
04/13/2026 12:40,2026-04-13,12:40:00,188.35,187.85,188.21,188.21,1135394.0,NVDA
04/13/2026 12:45,2026-04-13,12:45:00,188.45,188.1,188.19,188.21,860272.0,NVDA
04/13/2026 12:50,2026-04-13,12:50:00,188.49,188.05,188.22,188.19,964673.0,NVDA
04/13/2026 12:55,2026-04-13,12:55:00,188.4,188.11,188.34,188.22,703104.0,NVDA
04/13/2026 13:00,2026-04-13,13:00:00,188.65,188.34,188.46,188.34,948478.0,NVDA
04/13/2026 13:05,2026-04-13,13:05:00,188.55,188.17,188.22,188.46,797081.0,NVDA
04/13/2026 13:10,2026-04-13,13:10:00,188.33,188.2,188.28,188.22,720568.0,NVDA
04/13/2026 13:15,2026-04-13,13:15:00,188.47,188.21,188.43,188.28,603151.0,NVDA
04/13/2026 13:20,2026-04-13,13:20:00,188.43,188.23,188.26,188.42,577737.0,NVDA
04/13/2026 13:25,2026-04-13,13:25:00,188.35,188.12,188.21,188.26,580609.0,NVDA
04/13/2026 13:30,2026-04-13,13:30:00,188.33,188.04,188.08,188.21,586391.0,NVDA
04/13/2026 13:35,2026-04-13,13:35:00,188.24,188.02,188.17,188.08,652736.0,NVDA
04/13/2026 13:40,2026-04-13,13:40:00,188.42,188.16,188.2,188.17,782120.0,NVDA
04/13/2026 13:45,2026-04-13,13:45:00,188.26,188.08,188.17,188.19,526523.0,NVDA
04/13/2026 13:50,2026-04-13,13:50:00,188.24,187.98,188.18,188.17,789357.0,NVDA
04/13/2026 13:55,2026-04-13,13:55:00,188.32,188.07,188.09,188.17,631637.0,NVDA
04/13/2026 14:00,2026-04-13,14:00:00,188.25,188.09,188.2,188.09,539994.0,NVDA
04/13/2026 14:05,2026-04-13,14:05:00,188.23,188.12,188.21,188.19,420847.0,NVDA
04/13/2026 14:10,2026-04-13,14:10:00,188.23,188.08,188.09,188.2,541509.0,NVDA
04/13/2026 14:15,2026-04-13,14:15:00,188.15,188.0,188.11,188.08,590297.0,NVDA
04/13/2026 14:20,2026-04-13,14:20:00,188.14,188.03,188.04,188.11,487939.0,NVDA
04/13/2026 14:25,2026-04-13,14:25:00,188.15,187.97,188.02,188.03,738001.0,NVDA
04/13/2026 14:30,2026-04-13,14:30:00,188.13,187.99,188.11,188.01,554707.0,NVDA
04/13/2026 14:35,2026-04-13,14:35:00,188.21,188.08,188.21,188.1,526015.0,NVDA
04/13/2026 14:40,2026-04-13,14:40:00,188.27,188.1,188.22,188.21,571367.0,NVDA
04/13/2026 14:45,2026-04-13,14:45:00,188.43,188.21,188.31,188.22,788940.0,NVDA
04/13/2026 14:50,2026-04-13,14:50:00,188.59,188.23,188.59,188.32,898630.0,NVDA
04/13/2026 14:55,2026-04-13,14:55:00,188.73,188.51,188.55,188.58,929324.0,NVDA
04/13/2026 15:00,2026-04-13,15:00:00,188.7,188.51,188.67,188.55,684757.0,NVDA
04/13/2026 15:05,2026-04-13,15:05:00,188.69,188.57,188.67,188.68,675307.0,NVDA
04/13/2026 15:10,2026-04-13,15:10:00,188.68,188.48,188.62,188.68,816219.0,NVDA
04/13/2026 15:15,2026-04-13,15:15:00,188.89,188.56,188.83,188.62,1086491.0,NVDA
04/13/2026 15:20,2026-04-13,15:20:00,188.84,188.72,188.74,188.83,621876.0,NVDA
04/13/2026 15:25,2026-04-13,15:25:00,188.79,188.64,188.71,188.74,680409.0,NVDA
04/13/2026 15:30,2026-04-13,15:30:00,189.0,188.61,188.85,188.7,1265626.0,NVDA
04/13/2026 15:35,2026-04-13,15:35:00,188.91,188.6,188.6,188.86,689549.0,NVDA
04/13/2026 15:40,2026-04-13,15:40:00,188.72,188.39,188.69,188.61,1051667.0,NVDA
04/13/2026 15:45,2026-04-13,15:45:00,188.82,188.61,188.82,188.69,909404.0,NVDA
04/13/2026 15:50,2026-04-13,15:50:00,189.46,188.81,189.38,188.82,2222904.0,NVDA
04/13/2026 15:55,2026-04-13,15:55:00,189.45,189.14,189.21,189.37,4104680.0,NVDA
04/13/2026 16:00,2026-04-13,16:00:00,189.31,189.04,189.31,189.2,15288346.0,NVDA
04/13/2026 16:05,2026-04-13,16:05:00,189.5,188.67,189.36,189.22,111488.0,NVDA
04/13/2026 16:10,2026-04-13,16:10:00,189.49,188.3,189.27,189.36,40931.0,NVDA
04/13/2026 16:15,2026-04-13,16:15:00,189.3,189.2,189.2,189.3,36568.0,NVDA
04/13/2026 16:20,2026-04-13,16:20:00,189.29,189.13,189.23,189.2,31130.0,NVDA
04/13/2026 16:25,2026-04-13,16:25:00,189.25,189.16,189.2,189.16,17524.0,NVDA
04/13/2026 16:30,2026-04-13,16:30:00,189.29,189.16,189.29,189.21,18876.0,NVDA
04/13/2026 16:35,2026-04-13,16:35:00,189.35,189.16,189.19,189.27,27994.0,NVDA
04/13/2026 16:40,2026-04-13,16:40:00,189.21,189.14,189.2,189.2,24436.0,NVDA
04/13/2026 16:45,2026-04-13,16:45:00,189.24,188.95,189.02,189.18,53856.0,NVDA
04/13/2026 16:50,2026-04-13,16:50:00,189.06,188.8,188.97,189.0,37751.0,NVDA
04/13/2026 16:55,2026-04-13,16:55:00,189.05,188.92,189.0,188.97,25359.0,NVDA
04/13/2026 17:00,2026-04-13,17:00:00,188.99,188.9,188.91,188.96,9803.0,NVDA
04/13/2026 17:05,2026-04-13,17:05:00,188.94,188.85,188.87,188.9,8324.0,NVDA
04/13/2026 17:10,2026-04-13,17:10:00,188.87,188.76,188.82,188.86,13828.0,NVDA
04/13/2026 17:15,2026-04-13,17:15:00,189.0,188.85,189.0,188.85,16610.0,NVDA
04/13/2026 17:20,2026-04-13,17:20:00,189.0,188.92,188.97,189.0,21378.0,NVDA
04/13/2026 17:25,2026-04-13,17:25:00,189.15,188.99,189.14,189.0,15508.0,NVDA
04/13/2026 17:30,2026-04-13,17:30:00,189.17,189.05,189.07,189.13,14348.0,NVDA
04/13/2026 17:35,2026-04-13,17:35:00,189.15,189.05,189.09,189.05,10103.0,NVDA
04/13/2026 17:40,2026-04-13,17:40:00,189.15,189.06,189.06,189.11,8183.0,NVDA
04/13/2026 17:45,2026-04-13,17:45:00,189.05,189.01,189.02,189.05,9042.0,NVDA
04/13/2026 17:50,2026-04-13,17:50:00,189.03,189.0,189.0,189.03,5392.0,NVDA
04/13/2026 17:55,2026-04-13,17:55:00,189.06,188.9,189.04,189.0,11549.0,NVDA
04/13/2026 18:00,2026-04-13,18:00:00,189.06,188.96,189.05,188.99,5308.0,NVDA
04/13/2026 18:05,2026-04-13,18:05:00,189.15,189.03,189.03,189.05,11292.0,NVDA
04/13/2026 18:10,2026-04-13,18:10:00,189.11,189.0,189.09,189.01,14215.0,NVDA
04/13/2026 18:15,2026-04-13,18:15:00,189.14,189.07,189.13,189.09,5422.0,NVDA
04/13/2026 18:20,2026-04-13,18:20:00,189.14,189.1,189.1,189.11,10840.0,NVDA
04/13/2026 18:25,2026-04-13,18:25:00,189.12,189.0,189.04,189.12,18243.0,NVDA
04/13/2026 18:30,2026-04-13,18:30:00,189.04,189.0,189.03,189.01,9993.0,NVDA
04/13/2026 18:35,2026-04-13,18:35:00,189.2,189.0,189.15,189.03,23245.0,NVDA
04/13/2026 18:40,2026-04-13,18:40:00,189.2,189.1,189.12,189.15,15471.0,NVDA
04/13/2026 18:45,2026-04-13,18:45:00,189.2,189.08,189.15,189.12,16945.0,NVDA
04/13/2026 18:50,2026-04-13,18:50:00,189.21,189.14,189.2,189.14,14470.0,NVDA
04/13/2026 18:55,2026-04-13,18:55:00,189.27,189.18,189.26,189.18,22132.0,NVDA
04/13/2026 19:00,2026-04-13,19:00:00,189.28,189.22,189.26,189.25,9303.0,NVDA
04/13/2026 19:05,2026-04-13,19:05:00,189.35,189.24,189.34,189.25,27082.0,NVDA
04/13/2026 19:10,2026-04-13,19:10:00,189.36,189.3,189.3,189.35,24016.0,NVDA
04/13/2026 19:15,2026-04-13,19:15:00,189.31,189.23,189.3,189.27,11357.0,NVDA
04/13/2026 19:20,2026-04-13,19:20:00,189.29,189.22,189.22,189.28,6725.0,NVDA
04/13/2026 19:25,2026-04-13,19:25:00,189.22,189.13,189.21,189.22,4379.0,NVDA
04/13/2026 19:30,2026-04-13,19:30:00,189.19,189.15,189.15,189.18,10354.0,NVDA
04/13/2026 19:35,2026-04-13,19:35:00,189.18,189.1,189.14,189.18,6518.0,NVDA
04/13/2026 19:40,2026-04-13,19:40:00,189.18,189.12,189.18,189.13,16664.0,NVDA
04/13/2026 19:45,2026-04-13,19:45:00,189.19,189.14,189.19,189.15,17449.0,NVDA
04/13/2026 19:50,2026-04-13,19:50:00,189.18,189.11,189.12,189.15,19945.0,NVDA
04/13/2026 19:55,2026-04-13,19:55:00,189.14,189.0,189.05,189.1,26322.0,NVDA
04/14/2026 04:00,2026-04-14,04:00:00,190.2,188.92,189.97,190.0,212675.0,NVDA
04/14/2026 04:05,2026-04-14,04:05:00,189.98,189.74,189.83,189.96,12248.0,NVDA
04/14/2026 04:10,2026-04-14,04:10:00,190.07,189.17,189.94,189.85,12802.0,NVDA
04/14/2026 04:15,2026-04-14,04:15:00,189.92,189.75,189.85,189.92,6668.0,NVDA
04/14/2026 04:20,2026-04-14,04:20:00,189.92,189.85,189.89,189.88,6714.0,NVDA
04/14/2026 04:25,2026-04-14,04:25:00,189.9,189.85,189.87,189.89,2348.0,NVDA
04/14/2026 04:30,2026-04-14,04:30:00,189.92,189.83,189.83,189.87,3435.0,NVDA
04/14/2026 04:35,2026-04-14,04:35:00,189.92,189.8,189.92,189.84,4742.0,NVDA
04/14/2026 04:40,2026-04-14,04:40:00,189.93,189.85,189.9,189.89,4264.0,NVDA
04/14/2026 04:45,2026-04-14,04:45:00,189.96,189.9,189.96,189.91,4226.0,NVDA
04/14/2026 04:50,2026-04-14,04:50:00,189.99,189.9,189.94,189.94,14559.0,NVDA
04/14/2026 04:55,2026-04-14,04:55:00,189.97,189.94,189.94,189.94,1216.0,NVDA
04/14/2026 05:00,2026-04-14,05:00:00,189.99,189.94,189.97,189.96,10475.0,NVDA
04/14/2026 05:05,2026-04-14,05:05:00,189.99,189.92,189.98,189.98,8476.0,NVDA
04/14/2026 05:10,2026-04-14,05:10:00,189.99,189.96,189.97,189.96,3307.0,NVDA
04/14/2026 05:15,2026-04-14,05:15:00,189.99,189.91,189.93,189.97,2480.0,NVDA
04/14/2026 05:20,2026-04-14,05:20:00,190.0,189.91,189.97,189.95,6354.0,NVDA
04/14/2026 05:25,2026-04-14,05:25:00,189.95,189.85,189.88,189.95,7930.0,NVDA
04/14/2026 05:30,2026-04-14,05:30:00,189.87,189.8,189.82,189.87,4448.0,NVDA
04/14/2026 05:35,2026-04-14,05:35:00,189.83,189.75,189.82,189.81,20731.0,NVDA
04/14/2026 05:40,2026-04-14,05:40:00,189.82,189.75,189.76,189.81,7458.0,NVDA
04/14/2026 05:45,2026-04-14,05:45:00,189.8,189.74,189.76,189.8,7502.0,NVDA
04/14/2026 05:50,2026-04-14,05:50:00,189.79,189.73,189.73,189.75,6621.0,NVDA
04/14/2026 05:55,2026-04-14,05:55:00,189.79,189.73,189.79,189.74,3892.0,NVDA
04/14/2026 06:00,2026-04-14,06:00:00,189.79,189.66,189.69,189.77,6061.0,NVDA
04/14/2026 06:05,2026-04-14,06:05:00,189.79,189.63,189.78,189.7,16602.0,NVDA
04/14/2026 06:10,2026-04-14,06:10:00,189.81,189.75,189.76,189.78,10997.0,NVDA
04/14/2026 06:15,2026-04-14,06:15:00,189.9,189.78,189.88,189.78,5338.0,NVDA
04/14/2026 06:20,2026-04-14,06:20:00,189.89,189.83,189.83,189.86,5475.0,NVDA
04/14/2026 06:25,2026-04-14,06:25:00,189.85,189.7,189.7,189.83,3239.0,NVDA
04/14/2026 06:30,2026-04-14,06:30:00,189.8,189.66,189.68,189.72,5456.0,NVDA
04/14/2026 06:35,2026-04-14,06:35:00,189.83,189.6,189.6,189.8,5005.0,NVDA
04/14/2026 06:40,2026-04-14,06:40:00,189.7,189.6,189.6,189.65,2781.0,NVDA
04/14/2026 06:45,2026-04-14,06:45:00,189.7,189.6,189.64,189.62,5153.0,NVDA
04/14/2026 06:50,2026-04-14,06:50:00,189.7,189.64,189.66,189.65,2984.0,NVDA
04/14/2026 06:55,2026-04-14,06:55:00,189.69,189.36,189.46,189.66,9350.0,NVDA
04/14/2026 07:00,2026-04-14,07:00:00,189.96,189.44,189.94,189.49,75591.0,NVDA
04/14/2026 07:05,2026-04-14,07:05:00,190.14,189.91,190.1,189.92,163010.0,NVDA
04/14/2026 07:10,2026-04-14,07:10:00,190.5,190.07,190.47,190.1,102552.0,NVDA
04/14/2026 07:15,2026-04-14,07:15:00,190.56,190.3,190.33,190.48,66332.0,NVDA
04/14/2026 07:20,2026-04-14,07:20:00,190.55,190.33,190.5,190.35,44004.0,NVDA
04/14/2026 07:25,2026-04-14,07:25:00,190.63,190.5,190.55,190.54,44831.0,NVDA
04/14/2026 07:30,2026-04-14,07:30:00,190.65,190.45,190.45,190.57,43852.0,NVDA
04/14/2026 07:35,2026-04-14,07:35:00,190.5,190.38,190.5,190.46,25670.0,NVDA
04/14/2026 07:40,2026-04-14,07:40:00,190.59,190.42,190.59,190.47,44758.0,NVDA
04/14/2026 07:45,2026-04-14,07:45:00,190.59,190.42,190.5,190.58,36194.0,NVDA
04/14/2026 07:50,2026-04-14,07:50:00,190.56,190.45,190.54,190.48,20024.0,NVDA
04/14/2026 07:55,2026-04-14,07:55:00,190.72,190.46,190.52,190.54,56128.0,NVDA
04/14/2026 08:00,2026-04-14,08:00:00,190.72,190.51,190.71,190.56,35203.0,NVDA
04/14/2026 08:05,2026-04-14,08:05:00,190.87,190.66,190.7,190.7,62121.0,NVDA
04/14/2026 08:10,2026-04-14,08:10:00,190.71,190.5,190.59,190.71,51203.0,NVDA
04/14/2026 08:15,2026-04-14,08:15:00,190.69,190.54,190.65,190.55,36184.0,NVDA
04/14/2026 08:20,2026-04-14,08:20:00,190.68,190.6,190.63,190.68,98138.0,NVDA
04/14/2026 08:25,2026-04-14,08:25:00,190.7,190.55,190.7,190.62,42656.0,NVDA
04/14/2026 08:30,2026-04-14,08:30:00,190.87,190.59,190.65,190.72,65948.0,NVDA
04/14/2026 08:35,2026-04-14,08:35:00,190.68,190.5,190.61,190.66,48022.0,NVDA
04/14/2026 08:40,2026-04-14,08:40:00,190.65,190.34,190.35,190.61,60773.0,NVDA
04/14/2026 08:45,2026-04-14,08:45:00,190.5,190.3,190.35,190.35,68262.0,NVDA
04/14/2026 08:50,2026-04-14,08:50:00,190.55,190.16,190.27,190.35,84916.0,NVDA
04/14/2026 08:55,2026-04-14,08:55:00,190.45,190.25,190.41,190.3,34591.0,NVDA
04/14/2026 09:00,2026-04-14,09:00:00,190.49,190.35,190.45,190.4,52798.0,NVDA
04/14/2026 09:05,2026-04-14,09:05:00,190.7,190.42,190.59,190.46,95617.0,NVDA
04/14/2026 09:10,2026-04-14,09:10:00,190.54,190.4,190.41,190.54,62613.0,NVDA
04/14/2026 09:15,2026-04-14,09:15:00,190.55,190.4,190.51,190.42,87024.0,NVDA
04/14/2026 09:20,2026-04-14,09:20:00,190.54,190.35,190.37,190.53,90955.0,NVDA
04/14/2026 09:25,2026-04-14,09:25:00,191.11,190.0,190.92,190.36,379287.0,NVDA
04/14/2026 09:30,2026-04-14,09:30:00,193.31,190.77,192.21,190.92,5968596.0,NVDA
04/14/2026 09:35,2026-04-14,09:35:00,192.37,190.81,190.86,192.2,3039818.0,NVDA
04/14/2026 09:40,2026-04-14,09:40:00,192.33,190.84,192.28,190.87,3589780.0,NVDA
04/14/2026 09:45,2026-04-14,09:45:00,192.82,192.25,192.8,192.28,3047125.0,NVDA
04/14/2026 09:50,2026-04-14,09:50:00,193.19,192.64,192.83,192.81,2463876.0,NVDA
04/14/2026 09:55,2026-04-14,09:55:00,192.86,192.13,192.24,192.83,2229479.0,NVDA
04/14/2026 10:00,2026-04-14,10:00:00,192.24,191.46,191.6,192.23,2275950.0,NVDA
04/14/2026 10:05,2026-04-14,10:05:00,191.99,191.58,191.98,191.58,1544247.0,NVDA
04/14/2026 10:10,2026-04-14,10:10:00,192.53,191.89,192.43,191.98,1869422.0,NVDA
04/14/2026 10:15,2026-04-14,10:15:00,192.57,192.26,192.34,192.42,1109397.0,NVDA
04/14/2026 10:20,2026-04-14,10:20:00,192.73,192.31,192.71,192.34,1059048.0,NVDA
04/14/2026 10:25,2026-04-14,10:25:00,192.99,192.53,192.86,192.72,1808311.0,NVDA
04/14/2026 10:30,2026-04-14,10:30:00,192.9,192.66,192.84,192.87,1032394.0,NVDA
04/14/2026 10:35,2026-04-14,10:35:00,193.48,192.79,193.13,192.84,2344740.0,NVDA
04/14/2026 10:40,2026-04-14,10:40:00,193.25,192.93,193.11,193.12,1383512.0,NVDA
04/14/2026 10:45,2026-04-14,10:45:00,193.35,193.04,193.3,193.11,1170284.0,NVDA
04/14/2026 10:50,2026-04-14,10:50:00,193.42,193.08,193.36,193.3,1172118.0,NVDA
04/14/2026 10:55,2026-04-14,10:55:00,193.4,193.21,193.32,193.36,861449.0,NVDA
04/14/2026 11:00,2026-04-14,11:00:00,193.33,192.95,192.99,193.31,1295584.0,NVDA
04/14/2026 11:05,2026-04-14,11:05:00,193.0,192.66,192.7,193.0,1235112.0,NVDA
04/14/2026 11:10,2026-04-14,11:10:00,193.22,192.67,193.12,192.7,1528145.0,NVDA
04/14/2026 11:15,2026-04-14,11:15:00,193.24,192.95,193.17,193.12,851091.0,NVDA
04/14/2026 11:20,2026-04-14,11:20:00,193.61,193.12,193.56,193.17,1750724.0,NVDA
04/14/2026 11:25,2026-04-14,11:25:00,193.73,193.43,193.45,193.56,1357292.0,NVDA
04/14/2026 11:30,2026-04-14,11:30:00,193.51,193.33,193.37,193.45,838125.0,NVDA
04/14/2026 11:35,2026-04-14,11:35:00,193.81,193.35,193.81,193.36,1273231.0,NVDA
04/14/2026 11:40,2026-04-14,11:40:00,194.1,193.72,193.88,193.8,1880280.0,NVDA
04/14/2026 11:45,2026-04-14,11:45:00,194.25,193.84,194.16,193.88,1525554.0,NVDA
04/14/2026 11:50,2026-04-14,11:50:00,194.39,194.13,194.3,194.14,1208711.0,NVDA
04/14/2026 11:55,2026-04-14,11:55:00,194.33,193.99,194.03,194.29,1056794.0,NVDA
04/14/2026 12:00,2026-04-14,12:00:00,194.28,194.0,194.22,194.02,1087973.0,NVDA
04/14/2026 12:05,2026-04-14,12:05:00,194.59,194.14,194.57,194.22,1421216.0,NVDA
04/14/2026 12:10,2026-04-14,12:10:00,194.6,194.47,194.55,194.58,774267.0,NVDA
04/14/2026 12:15,2026-04-14,12:15:00,194.75,194.52,194.7,194.55,1075316.0,NVDA
04/14/2026 12:20,2026-04-14,12:20:00,194.89,194.67,194.81,194.69,1017161.0,NVDA
04/14/2026 12:25,2026-04-14,12:25:00,194.94,194.77,194.8,194.8,1282999.0,NVDA
04/14/2026 12:30,2026-04-14,12:30:00,194.88,194.52,194.58,194.81,1073101.0,NVDA
04/14/2026 12:35,2026-04-14,12:35:00,194.84,194.56,194.8,194.58,996088.0,NVDA
04/14/2026 12:40,2026-04-14,12:40:00,194.83,194.67,194.7,194.8,1023857.0,NVDA
04/14/2026 12:45,2026-04-14,12:45:00,194.83,194.56,194.81,194.7,1146445.0,NVDA
04/14/2026 12:50,2026-04-14,12:50:00,194.83,194.59,194.62,194.81,730787.0,NVDA
04/14/2026 12:55,2026-04-14,12:55:00,194.65,194.46,194.56,194.62,1040472.0,NVDA
04/14/2026 13:00,2026-04-14,13:00:00,194.65,194.51,194.53,194.56,703017.0,NVDA
04/14/2026 13:05,2026-04-14,13:05:00,194.64,194.34,194.38,194.52,883624.0,NVDA
04/14/2026 13:10,2026-04-14,13:10:00,194.64,194.39,194.63,194.39,902011.0,NVDA
04/14/2026 13:15,2026-04-14,13:15:00,194.8,194.52,194.8,194.63,862693.0,NVDA
04/14/2026 13:20,2026-04-14,13:20:00,194.99,194.74,194.91,194.79,1591067.0,NVDA
04/14/2026 13:25,2026-04-14,13:25:00,194.94,194.71,194.73,194.92,758469.0,NVDA
04/14/2026 13:30,2026-04-14,13:30:00,194.81,194.69,194.75,194.73,601613.0,NVDA
04/14/2026 13:35,2026-04-14,13:35:00,194.85,194.65,194.85,194.75,591755.0,NVDA
04/14/2026 13:40,2026-04-14,13:40:00,194.88,194.76,194.79,194.84,450284.0,NVDA
04/14/2026 13:45,2026-04-14,13:45:00,194.83,194.71,194.75,194.79,509948.0,NVDA
04/14/2026 13:50,2026-04-14,13:50:00,194.86,194.72,194.81,194.75,540766.0,NVDA
04/14/2026 13:55,2026-04-14,13:55:00,194.86,194.73,194.78,194.8,462713.0,NVDA
04/14/2026 14:00,2026-04-14,14:00:00,194.87,194.75,194.78,194.78,484632.0,NVDA
04/14/2026 14:05,2026-04-14,14:05:00,194.86,194.75,194.84,194.77,555432.0,NVDA
04/14/2026 14:10,2026-04-14,14:10:00,194.9,194.78,194.86,194.84,603321.0,NVDA
04/14/2026 14:15,2026-04-14,14:15:00,194.87,194.52,194.59,194.86,760232.0,NVDA
04/14/2026 14:20,2026-04-14,14:20:00,194.69,194.4,194.45,194.6,759507.0,NVDA
04/14/2026 14:25,2026-04-14,14:25:00,194.7,194.39,194.58,194.46,791000.0,NVDA
04/14/2026 14:30,2026-04-14,14:30:00,194.75,194.56,194.72,194.58,514204.0,NVDA
04/14/2026 14:35,2026-04-14,14:35:00,194.87,194.7,194.84,194.72,639144.0,NVDA
04/14/2026 14:40,2026-04-14,14:40:00,194.95,194.68,194.71,194.85,694063.0,NVDA
04/14/2026 14:45,2026-04-14,14:45:00,194.78,194.67,194.75,194.71,644774.0,NVDA
04/14/2026 14:50,2026-04-14,14:50:00,194.84,194.73,194.78,194.74,586443.0,NVDA
04/14/2026 14:55,2026-04-14,14:55:00,194.95,194.77,194.94,194.78,623235.0,NVDA
04/14/2026 15:00,2026-04-14,15:00:00,195.56,194.9,195.55,194.94,2678852.0,NVDA
04/14/2026 15:05,2026-04-14,15:05:00,195.92,195.52,195.86,195.56,1736206.0,NVDA
04/14/2026 15:10,2026-04-14,15:10:00,196.17,195.85,196.11,195.86,1983430.0,NVDA
04/14/2026 15:15,2026-04-14,15:15:00,196.34,196.08,196.15,196.12,1729870.0,NVDA
04/14/2026 15:20,2026-04-14,15:20:00,196.29,196.12,196.21,196.15,1187900.0,NVDA
04/14/2026 15:25,2026-04-14,15:25:00,196.31,196.13,196.21,196.21,1197518.0,NVDA
04/14/2026 15:30,2026-04-14,15:30:00,196.35,196.06,196.1,196.2,1388848.0,NVDA
04/14/2026 15:35,2026-04-14,15:35:00,196.29,195.93,196.27,196.09,1467573.0,NVDA
04/14/2026 15:40,2026-04-14,15:40:00,196.3,195.91,195.94,196.26,1477925.0,NVDA
04/14/2026 15:45,2026-04-14,15:45:00,196.02,195.71,195.95,195.94,1589213.0,NVDA
04/14/2026 15:50,2026-04-14,15:50:00,196.0,195.57,195.95,195.95,2192626.0,NVDA
04/14/2026 15:55,2026-04-14,15:55:00,196.5,195.95,196.49,195.95,4826955.0,NVDA
04/14/2026 16:00,2026-04-14,16:00:00,196.74,193.98,196.66,196.49,13467022.0,NVDA
04/14/2026 16:05,2026-04-14,16:05:00,196.91,196.51,196.83,196.66,729553.0,NVDA
04/14/2026 16:10,2026-04-14,16:10:00,196.85,196.73,196.78,196.83,61329.0,NVDA
04/14/2026 16:15,2026-04-14,16:15:00,196.8,194.14,194.14,196.77,64372.0,NVDA
04/14/2026 16:20,2026-04-14,16:20:00,196.69,196.41,196.43,196.65,94510.0,NVDA
04/14/2026 16:25,2026-04-14,16:25:00,196.57,196.44,196.55,196.48,67203.0,NVDA
04/14/2026 16:30,2026-04-14,16:30:00,196.56,196.36,196.4,196.56,55604.0,NVDA
04/14/2026 16:35,2026-04-14,16:35:00,196.43,196.35,196.38,196.4,24378.0,NVDA
04/14/2026 16:40,2026-04-14,16:40:00,196.41,196.32,196.4,196.37,121200.0,NVDA
04/14/2026 16:45,2026-04-14,16:45:00,196.45,196.4,196.42,196.4,29533.0,NVDA
04/14/2026 16:50,2026-04-14,16:50:00,196.43,196.35,196.35,196.42,54956.0,NVDA
04/14/2026 16:55,2026-04-14,16:55:00,196.38,196.35,196.36,196.36,53673.0,NVDA
04/14/2026 17:00,2026-04-14,17:00:00,196.4,196.35,196.38,196.35,8744.0,NVDA
04/14/2026 17:05,2026-04-14,17:05:00,196.47,195.82,195.82,196.38,152595.0,NVDA
04/14/2026 17:10,2026-04-14,17:10:00,195.9,195.61,195.87,195.85,49340.0,NVDA
04/14/2026 17:15,2026-04-14,17:15:00,195.98,195.76,195.83,195.82,21444.0,NVDA
04/14/2026 17:20,2026-04-14,17:20:00,195.97,195.76,195.9,195.85,41682.0,NVDA
04/14/2026 17:25,2026-04-14,17:25:00,196.2,195.91,196.06,195.92,54003.0,NVDA
04/14/2026 17:30,2026-04-14,17:30:00,196.19,196.05,196.05,196.05,14269.0,NVDA
04/14/2026 17:35,2026-04-14,17:35:00,196.07,195.86,195.9,196.07,18883.0,NVDA
04/14/2026 17:40,2026-04-14,17:40:00,195.96,195.86,195.92,195.88,17373.0,NVDA
04/14/2026 17:45,2026-04-14,17:45:00,195.95,195.83,195.85,195.95,24898.0,NVDA
04/14/2026 17:50,2026-04-14,17:50:00,195.95,195.81,195.81,195.84,10076.0,NVDA
04/14/2026 17:55,2026-04-14,17:55:00,195.85,195.77,195.81,195.82,25575.0,NVDA
04/14/2026 18:00,2026-04-14,18:00:00,195.9,195.62,195.87,195.8,26744.0,NVDA
04/14/2026 18:05,2026-04-14,18:05:00,196.1,195.83,196.07,195.84,28259.0,NVDA
04/14/2026 18:10,2026-04-14,18:10:00,196.15,196.0,196.04,196.08,26494.0,NVDA
04/14/2026 18:15,2026-04-14,18:15:00,196.09,196.0,196.05,196.02,16786.0,NVDA
04/14/2026 18:20,2026-04-14,18:20:00,196.05,195.93,195.97,196.05,8694.0,NVDA
04/14/2026 18:25,2026-04-14,18:25:00,196.0,195.82,195.83,196.0,31230.0,NVDA
04/14/2026 18:30,2026-04-14,18:30:00,195.89,195.83,195.84,195.84,9264.0,NVDA
04/14/2026 18:35,2026-04-14,18:35:00,195.88,195.79,195.82,195.87,11494.0,NVDA
04/14/2026 18:40,2026-04-14,18:40:00,196.0,195.8,195.88,195.82,9800.0,NVDA
04/14/2026 18:45,2026-04-14,18:45:00,195.98,195.85,195.88,195.88,15568.0,NVDA
04/14/2026 18:50,2026-04-14,18:50:00,195.88,195.83,195.84,195.85,13804.0,NVDA
04/14/2026 18:55,2026-04-14,18:55:00,195.86,195.83,195.83,195.85,8014.0,NVDA
04/14/2026 19:00,2026-04-14,19:00:00,195.88,195.83,195.88,195.84,5689.0,NVDA
04/14/2026 19:05,2026-04-14,19:05:00,196.1,195.86,196.0,195.86,24986.0,NVDA
04/14/2026 19:10,2026-04-14,19:10:00,196.02,195.89,195.91,196.0,7601.0,NVDA
04/14/2026 19:15,2026-04-14,19:15:00,195.95,195.89,195.92,195.91,12005.0,NVDA
04/14/2026 19:20,2026-04-14,19:20:00,195.93,195.85,195.91,195.92,16963.0,NVDA
04/14/2026 19:25,2026-04-14,19:25:00,195.93,195.88,195.92,195.9,24563.0,NVDA
04/14/2026 19:30,2026-04-14,19:30:00,196.05,195.88,196.05,195.92,49658.0,NVDA
04/14/2026 19:35,2026-04-14,19:35:00,196.15,195.99,196.11,196.07,15168.0,NVDA
04/14/2026 19:40,2026-04-14,19:40:00,196.18,196.02,196.14,196.02,11710.0,NVDA
04/14/2026 19:45,2026-04-14,19:45:00,196.2,196.1,196.2,196.13,14257.0,NVDA
04/14/2026 19:50,2026-04-14,19:50:00,196.25,196.05,196.14,196.2,26993.0,NVDA
04/14/2026 19:55,2026-04-14,19:55:00,196.25,196.05,196.25,196.14,41681.0,NVDA
04/15/2026 04:00,2026-04-15,04:00:00,196.19,195.04,196.16,195.67,231035.0,NVDA
04/15/2026 04:05,2026-04-15,04:05:00,196.15,195.09,195.46,196.14,18185.0,NVDA
04/15/2026 04:10,2026-04-15,04:10:00,195.97,195.8,195.96,195.88,2546.0,NVDA
04/15/2026 04:15,2026-04-15,04:15:00,195.98,195.78,195.83,195.97,9418.0,NVDA
04/15/2026 04:20,2026-04-15,04:20:00,195.94,195.8,195.88,195.81,7487.0,NVDA
04/15/2026 04:25,2026-04-15,04:25:00,196.15,195.85,196.15,195.88,6992.0,NVDA
04/15/2026 04:30,2026-04-15,04:30:00,196.24,196.0,196.0,196.15,24606.0,NVDA
04/15/2026 04:35,2026-04-15,04:35:00,196.15,196.0,196.15,196.07,13338.0,NVDA
04/15/2026 04:40,2026-04-15,04:40:00,196.22,196.13,196.14,196.14,7932.0,NVDA
04/15/2026 04:45,2026-04-15,04:45:00,196.12,195.98,196.05,196.11,9821.0,NVDA
04/15/2026 04:50,2026-04-15,04:50:00,196.07,195.93,196.03,195.98,4310.0,NVDA
04/15/2026 04:55,2026-04-15,04:55:00,196.08,196.0,196.0,196.07,2810.0,NVDA
04/15/2026 05:00,2026-04-15,05:00:00,196.03,195.75,195.85,196.0,9454.0,NVDA
04/15/2026 05:05,2026-04-15,05:05:00,195.8,195.69,195.75,195.8,7685.0,NVDA
04/15/2026 05:10,2026-04-15,05:10:00,195.84,195.7,195.74,195.78,5057.0,NVDA
04/15/2026 05:15,2026-04-15,05:15:00,195.79,195.7,195.78,195.76,6347.0,NVDA
04/15/2026 05:20,2026-04-15,05:20:00,195.76,195.7,195.71,195.73,3981.0,NVDA
04/15/2026 05:25,2026-04-15,05:25:00,195.7,195.37,195.49,195.7,18492.0,NVDA
04/15/2026 05:30,2026-04-15,05:30:00,195.5,195.2,195.28,195.5,17682.0,NVDA
04/15/2026 05:35,2026-04-15,05:35:00,195.27,195.02,195.05,195.23,39140.0,NVDA
04/15/2026 05:40,2026-04-15,05:40:00,195.24,195.02,195.04,195.06,11611.0,NVDA
04/15/2026 05:45,2026-04-15,05:45:00,195.07,194.88,194.92,195.02,25183.0,NVDA
04/15/2026 05:50,2026-04-15,05:50:00,195.05,194.91,195.0,194.94,8206.0,NVDA
04/15/2026 05:55,2026-04-15,05:55:00,195.16,195.01,195.04,195.01,12738.0,NVDA
04/15/2026 06:00,2026-04-15,06:00:00,195.3,194.95,195.19,195.03,20206.0,NVDA
04/15/2026 06:05,2026-04-15,06:05:00,195.39,195.14,195.28,195.14,12493.0,NVDA
04/15/2026 06:10,2026-04-15,06:10:00,195.32,195.21,195.28,195.28,9556.0,NVDA
04/15/2026 06:15,2026-04-15,06:15:00,195.24,195.03,195.16,195.24,6892.0,NVDA
04/15/2026 06:20,2026-04-15,06:20:00,195.23,194.95,194.99,195.15,12977.0,NVDA
04/15/2026 06:25,2026-04-15,06:25:00,195.01,194.75,195.01,194.99,21368.0,NVDA
04/15/2026 06:30,2026-04-15,06:30:00,195.35,194.9,194.96,195.0,66313.0,NVDA
04/15/2026 06:35,2026-04-15,06:35:00,195.03,194.87,194.98,194.95,21537.0,NVDA
04/15/2026 06:40,2026-04-15,06:40:00,195.32,194.98,195.29,194.98,30416.0,NVDA
04/15/2026 06:45,2026-04-15,06:45:00,195.63,195.29,195.56,195.29,39441.0,NVDA
04/15/2026 06:50,2026-04-15,06:50:00,195.75,195.52,195.68,195.59,16888.0,NVDA
04/15/2026 06:55,2026-04-15,06:55:00,195.86,195.62,195.73,195.68,36445.0,NVDA
04/15/2026 07:00,2026-04-15,07:00:00,196.22,195.7,196.08,195.74,119216.0,NVDA
04/15/2026 07:05,2026-04-15,07:05:00,196.3,196.06,196.22,196.08,59656.0,NVDA
04/15/2026 07:10,2026-04-15,07:10:00,196.64,196.2,196.51,196.22,106925.0,NVDA
04/15/2026 07:15,2026-04-15,07:15:00,196.54,196.25,196.25,196.52,63019.0,NVDA
04/15/2026 07:20,2026-04-15,07:20:00,196.3,196.1,196.18,196.3,60096.0,NVDA
04/15/2026 07:25,2026-04-15,07:25:00,196.37,196.07,196.07,196.19,53139.0,NVDA
04/15/2026 07:30,2026-04-15,07:30:00,196.27,195.97,195.99,196.05,44630.0,NVDA
04/15/2026 07:35,2026-04-15,07:35:00,196.15,195.71,196.12,195.99,59290.0,NVDA
04/15/2026 07:40,2026-04-15,07:40:00,196.24,196.03,196.05,196.11,25737.0,NVDA
04/15/2026 07:45,2026-04-15,07:45:00,196.54,196.0,196.38,196.05,66100.0,NVDA
04/15/2026 07:50,2026-04-15,07:50:00,196.42,196.2,196.26,196.27,31467.0,NVDA
04/15/2026 07:55,2026-04-15,07:55:00,196.33,196.06,196.08,196.29,40627.0,NVDA
04/15/2026 08:00,2026-04-15,08:00:00,196.08,195.88,195.98,196.08,65615.0,NVDA
04/15/2026 08:05,2026-04-15,08:05:00,195.99,195.76,195.8,195.96,38846.0,NVDA
04/15/2026 08:10,2026-04-15,08:10:00,195.8,195.48,195.5,195.79,65408.0,NVDA
04/15/2026 08:15,2026-04-15,08:15:00,195.62,195.41,195.61,195.5,41742.0,NVDA
04/15/2026 08:20,2026-04-15,08:20:00,195.59,195.51,195.53,195.59,19739.0,NVDA
04/15/2026 08:25,2026-04-15,08:25:00,195.61,195.4,195.45,195.56,24214.0,NVDA
04/15/2026 08:30,2026-04-15,08:30:00,195.7,195.43,195.68,195.46,21143.0,NVDA
04/15/2026 08:35,2026-04-15,08:35:00,195.84,195.54,195.8,195.67,45999.0,NVDA
04/15/2026 08:40,2026-04-15,08:40:00,195.82,195.66,195.66,195.8,22658.0,NVDA
04/15/2026 08:45,2026-04-15,08:45:00,195.68,195.5,195.64,195.67,36488.0,NVDA
04/15/2026 08:50,2026-04-15,08:50:00,195.65,195.4,195.61,195.62,75616.0,NVDA
04/15/2026 08:55,2026-04-15,08:55:00,195.65,195.54,195.6,195.62,31748.0,NVDA
04/15/2026 09:00,2026-04-15,09:00:00,195.65,195.46,195.52,195.6,62987.0,NVDA
04/15/2026 09:05,2026-04-15,09:05:00,195.55,195.41,195.46,195.52,46032.0,NVDA
04/15/2026 09:10,2026-04-15,09:10:00,195.65,195.39,195.64,195.47,58814.0,NVDA
04/15/2026 09:15,2026-04-15,09:15:00,195.9,195.55,195.89,195.63,72274.0,NVDA
04/15/2026 09:20,2026-04-15,09:20:00,195.97,195.4,195.49,195.87,186865.0,NVDA
04/15/2026 09:25,2026-04-15,09:25:00,196.66,195.5,196.56,195.64,281003.0,NVDA
04/15/2026 09:30,2026-04-15,09:30:00,198.68,196.26,198.03,196.55,6839816.0,NVDA
04/15/2026 09:35,2026-04-15,09:35:00,198.6,197.34,197.84,198.03,4003713.0,NVDA
04/15/2026 09:40,2026-04-15,09:40:00,198.02,196.77,196.89,197.84,2980971.0,NVDA
04/15/2026 09:45,2026-04-15,09:45:00,198.11,196.81,198.07,196.89,2331480.0,NVDA
04/15/2026 09:50,2026-04-15,09:50:00,198.49,197.85,197.91,198.07,2774022.0,NVDA
04/15/2026 09:55,2026-04-15,09:55:00,198.66,197.66,198.53,197.91,2703125.0,NVDA
04/15/2026 10:00,2026-04-15,10:00:00,198.8,198.22,198.62,198.54,2951480.0,NVDA
04/15/2026 10:05,2026-04-15,10:05:00,198.78,198.27,198.71,198.61,1900017.0,NVDA
04/15/2026 10:10,2026-04-15,10:10:00,198.92,198.52,198.88,198.71,2197110.0,NVDA
04/15/2026 10:15,2026-04-15,10:15:00,199.09,198.54,198.57,198.88,2609513.0,NVDA
04/15/2026 10:20,2026-04-15,10:20:00,199.34,198.55,199.25,198.57,2073879.0,NVDA
04/15/2026 10:25,2026-04-15,10:25:00,199.58,199.12,199.24,199.24,2362336.0,NVDA
04/15/2026 10:30,2026-04-15,10:30:00,199.72,199.07,199.62,199.26,2379328.0,NVDA
04/15/2026 10:35,2026-04-15,10:35:00,199.87,199.15,199.25,199.62,2245402.0,NVDA
04/15/2026 10:40,2026-04-15,10:40:00,199.46,199.08,199.22,199.25,1531398.0,NVDA
04/15/2026 10:45,2026-04-15,10:45:00,199.41,199.02,199.37,199.23,1275332.0,NVDA
04/15/2026 10:50,2026-04-15,10:50:00,199.57,199.27,199.42,199.38,1298347.0,NVDA
04/15/2026 10:55,2026-04-15,10:55:00,199.64,199.3,199.36,199.43,1270344.0,NVDA
04/15/2026 11:00,2026-04-15,11:00:00,199.78,199.33,199.61,199.37,1621910.0,NVDA
04/15/2026 11:05,2026-04-15,11:05:00,199.62,199.38,199.47,199.61,967998.0,NVDA
04/15/2026 11:10,2026-04-15,11:10:00,199.86,199.44,199.72,199.48,1460933.0,NVDA
04/15/2026 11:15,2026-04-15,11:15:00,199.8,199.57,199.69,199.73,943505.0,NVDA
04/15/2026 11:20,2026-04-15,11:20:00,199.86,199.58,199.78,199.69,1069395.0,NVDA
04/15/2026 11:25,2026-04-15,11:25:00,199.94,199.71,199.81,199.78,1539876.0,NVDA
04/15/2026 11:30,2026-04-15,11:30:00,199.82,199.44,199.56,199.8,1537692.0,NVDA
04/15/2026 11:35,2026-04-15,11:35:00,199.7,199.43,199.52,199.56,1056749.0,NVDA
04/15/2026 11:40,2026-04-15,11:40:00,199.98,199.52,199.87,199.53,1506790.0,NVDA
04/15/2026 11:45,2026-04-15,11:45:00,200.4,199.72,199.93,199.88,3512176.0,NVDA
04/15/2026 11:50,2026-04-15,11:50:00,199.96,199.56,199.79,199.94,1871378.0,NVDA
04/15/2026 11:55,2026-04-15,11:55:00,199.87,199.48,199.69,199.81,1178803.0,NVDA
04/15/2026 12:00,2026-04-15,12:00:00,199.69,199.35,199.4,199.68,1164116.0,NVDA
04/15/2026 12:05,2026-04-15,12:05:00,199.75,199.32,199.69,199.39,976373.0,NVDA
04/15/2026 12:10,2026-04-15,12:10:00,199.72,199.5,199.52,199.7,730267.0,NVDA
04/15/2026 12:15,2026-04-15,12:15:00,199.53,199.13,199.48,199.52,1206672.0,NVDA
04/15/2026 12:20,2026-04-15,12:20:00,199.76,199.48,199.58,199.48,1028893.0,NVDA
04/15/2026 12:25,2026-04-15,12:25:00,199.58,199.09,199.13,199.58,1106719.0,NVDA
04/15/2026 12:30,2026-04-15,12:30:00,199.14,198.28,198.45,199.12,2037522.0,NVDA
04/15/2026 12:35,2026-04-15,12:35:00,198.69,198.21,198.22,198.45,1068546.0,NVDA
04/15/2026 12:40,2026-04-15,12:40:00,198.23,197.59,197.78,198.21,1990836.0,NVDA
04/15/2026 12:45,2026-04-15,12:45:00,197.81,197.19,197.49,197.78,2210356.0,NVDA
04/15/2026 12:50,2026-04-15,12:50:00,197.67,196.62,196.67,197.5,2232240.0,NVDA
04/15/2026 12:55,2026-04-15,12:55:00,197.17,196.14,197.07,196.68,2562387.0,NVDA
04/15/2026 13:00,2026-04-15,13:00:00,197.23,196.9,197.1,197.06,1592902.0,NVDA
04/15/2026 13:05,2026-04-15,13:05:00,197.57,197.06,197.33,197.11,1612043.0,NVDA
04/15/2026 13:10,2026-04-15,13:10:00,197.37,197.11,197.28,197.33,989812.0,NVDA
04/15/2026 13:15,2026-04-15,13:15:00,197.48,197.2,197.23,197.28,1043484.0,NVDA
04/15/2026 13:20,2026-04-15,13:20:00,197.26,197.01,197.18,197.23,935811.0,NVDA
04/15/2026 13:25,2026-04-15,13:25:00,197.25,196.93,196.96,197.19,863331.0,NVDA
04/15/2026 13:30,2026-04-15,13:30:00,197.52,196.95,197.48,196.96,933649.0,NVDA
04/15/2026 13:35,2026-04-15,13:35:00,197.71,197.38,197.42,197.48,984925.0,NVDA
04/15/2026 13:40,2026-04-15,13:40:00,197.42,196.78,196.8,197.41,1103509.0,NVDA
04/15/2026 13:45,2026-04-15,13:45:00,196.99,196.78,196.91,196.8,883157.0,NVDA
04/15/2026 13:50,2026-04-15,13:50:00,196.95,196.61,196.61,196.91,809488.0,NVDA
04/15/2026 13:55,2026-04-15,13:55:00,196.69,196.17,196.24,196.62,1313061.0,NVDA
04/15/2026 14:00,2026-04-15,14:00:00,196.72,195.74,196.35,196.24,2012319.0,NVDA
04/15/2026 14:05,2026-04-15,14:05:00,196.65,196.14,196.53,196.34,1298521.0,NVDA
04/15/2026 14:10,2026-04-15,14:10:00,196.98,196.38,196.83,196.53,1270343.0,NVDA
04/15/2026 14:15,2026-04-15,14:15:00,197.04,196.55,196.8,196.84,1143418.0,NVDA
04/15/2026 14:20,2026-04-15,14:20:00,196.93,196.63,196.89,196.8,658470.0,NVDA
04/15/2026 14:25,2026-04-15,14:25:00,197.13,196.76,196.97,196.89,897755.0,NVDA
04/15/2026 14:30,2026-04-15,14:30:00,197.34,196.95,197.31,196.96,904151.0,NVDA
04/15/2026 14:35,2026-04-15,14:35:00,197.52,197.28,197.36,197.32,1222714.0,NVDA
04/15/2026 14:40,2026-04-15,14:40:00,197.38,197.17,197.31,197.35,804106.0,NVDA
04/15/2026 14:45,2026-04-15,14:45:00,197.39,197.2,197.38,197.31,651359.0,NVDA
04/15/2026 14:50,2026-04-15,14:50:00,197.52,197.23,197.4,197.38,974957.0,NVDA
04/15/2026 14:55,2026-04-15,14:55:00,197.47,197.3,197.31,197.39,736755.0,NVDA
04/15/2026 15:00,2026-04-15,15:00:00,197.39,197.15,197.36,197.31,929686.0,NVDA
04/15/2026 15:05,2026-04-15,15:05:00,197.79,197.36,197.63,197.37,1315590.0,NVDA
04/15/2026 15:10,2026-04-15,15:10:00,197.79,197.52,197.56,197.63,1067111.0,NVDA
04/15/2026 15:15,2026-04-15,15:15:00,197.93,197.52,197.85,197.56,1111363.0,NVDA
04/15/2026 15:20,2026-04-15,15:20:00,198.14,197.79,198.0,197.86,1241273.0,NVDA
04/15/2026 15:25,2026-04-15,15:25:00,198.27,198.0,198.24,198.0,1121010.0,NVDA
04/15/2026 15:30,2026-04-15,15:30:00,198.3,198.03,198.27,198.24,1234018.0,NVDA
04/15/2026 15:35,2026-04-15,15:35:00,198.5,198.26,198.43,198.27,1482238.0,NVDA
04/15/2026 15:40,2026-04-15,15:40:00,198.43,198.16,198.23,198.43,1463129.0,NVDA
04/15/2026 15:45,2026-04-15,15:45:00,198.44,198.02,198.21,198.23,1296206.0,NVDA
04/15/2026 15:50,2026-04-15,15:50:00,198.82,198.22,198.73,198.22,2287753.0,NVDA
04/15/2026 15:55,2026-04-15,15:55:00,199.17,198.69,198.87,198.73,5829271.0,NVDA
04/15/2026 16:00,2026-04-15,16:00:00,199.25,198.24,198.3,198.85,14608634.0,NVDA
04/15/2026 16:05,2026-04-15,16:05:00,198.87,198.33,198.46,198.46,46860.0,NVDA
04/15/2026 16:10,2026-04-15,16:10:00,198.48,198.15,198.27,198.46,64152.0,NVDA
04/15/2026 16:15,2026-04-15,16:15:00,198.48,198.21,198.38,198.22,33722.0,NVDA
04/15/2026 16:20,2026-04-15,16:20:00,198.47,198.33,198.4,198.35,21364.0,NVDA
04/15/2026 16:25,2026-04-15,16:25:00,198.87,198.21,198.34,198.42,28158.0,NVDA
04/15/2026 16:30,2026-04-15,16:30:00,198.4,198.15,198.24,198.34,31378.0,NVDA
04/15/2026 16:35,2026-04-15,16:35:00,198.31,197.95,198.0,198.24,88754.0,NVDA
04/15/2026 16:40,2026-04-15,16:40:00,198.17,197.98,198.1,198.0,39327.0,NVDA
04/15/2026 16:45,2026-04-15,16:45:00,198.11,197.96,197.96,198.0,20119.0,NVDA
04/15/2026 16:50,2026-04-15,16:50:00,198.11,197.86,198.09,197.97,47011.0,NVDA
04/15/2026 16:55,2026-04-15,16:55:00,198.4,198.12,198.3,198.12,73367.0,NVDA
04/15/2026 17:00,2026-04-15,17:00:00,198.35,198.3,198.3,198.3,15572.0,NVDA
04/15/2026 17:05,2026-04-15,17:05:00,198.36,198.31,198.31,198.33,13905.0,NVDA
04/15/2026 17:10,2026-04-15,17:10:00,198.34,198.3,198.34,198.31,10658.0,NVDA
04/15/2026 17:15,2026-04-15,17:15:00,198.36,198.34,198.36,198.34,5190.0,NVDA
04/15/2026 17:20,2026-04-15,17:20:00,198.38,198.35,198.36,198.35,13762.0,NVDA
04/15/2026 17:25,2026-04-15,17:25:00,198.39,198.35,198.37,198.35,6894.0,NVDA
04/15/2026 17:30,2026-04-15,17:30:00,198.39,198.34,198.35,198.38,5588.0,NVDA
04/15/2026 17:35,2026-04-15,17:35:00,198.35,198.25,198.3,198.35,8662.0,NVDA
04/15/2026 17:40,2026-04-15,17:40:00,198.3,198.2,198.22,198.26,7004.0,NVDA
04/15/2026 17:45,2026-04-15,17:45:00,198.25,198.2,198.21,198.21,12518.0,NVDA
04/15/2026 17:50,2026-04-15,17:50:00,198.23,198.2,198.21,198.21,11219.0,NVDA
04/15/2026 17:55,2026-04-15,17:55:00,198.23,198.2,198.21,198.22,13760.0,NVDA
04/15/2026 18:00,2026-04-15,18:00:00,198.28,198.12,198.25,198.18,16449.0,NVDA
04/15/2026 18:05,2026-04-15,18:05:00,198.25,198.15,198.22,198.22,4943.0,NVDA
04/15/2026 18:10,2026-04-15,18:10:00,198.26,198.17,198.25,198.21,6609.0,NVDA
04/15/2026 18:15,2026-04-15,18:15:00,198.28,198.22,198.22,198.27,9540.0,NVDA
04/15/2026 18:20,2026-04-15,18:20:00,198.27,198.22,198.24,198.22,10325.0,NVDA
04/15/2026 18:25,2026-04-15,18:25:00,198.24,198.22,198.23,198.22,8692.0,NVDA
04/15/2026 18:30,2026-04-15,18:30:00,198.32,198.22,198.31,198.23,21963.0,NVDA
04/15/2026 18:35,2026-04-15,18:35:00,198.4,198.28,198.4,198.32,34540.0,NVDA
04/15/2026 18:40,2026-04-15,18:40:00,198.47,198.34,198.34,198.4,11589.0,NVDA
04/15/2026 18:45,2026-04-15,18:45:00,198.4,198.3,198.35,198.32,18604.0,NVDA
04/15/2026 18:50,2026-04-15,18:50:00,198.48,198.35,198.48,198.37,22068.0,NVDA
04/15/2026 18:55,2026-04-15,18:55:00,198.48,198.4,198.41,198.45,15807.0,NVDA
04/15/2026 19:00,2026-04-15,19:00:00,198.48,198.41,198.48,198.46,6184.0,NVDA
04/15/2026 19:05,2026-04-15,19:05:00,198.5,198.47,198.47,198.49,17777.0,NVDA
04/15/2026 19:10,2026-04-15,19:10:00,198.49,198.43,198.44,198.49,5390.0,NVDA
04/15/2026 19:15,2026-04-15,19:15:00,198.49,198.45,198.49,198.48,12010.0,NVDA
04/15/2026 19:20,2026-04-15,19:20:00,198.47,198.4,198.42,198.47,13359.0,NVDA
04/15/2026 19:25,2026-04-15,19:25:00,198.42,198.34,198.38,198.41,6352.0,NVDA
04/15/2026 19:30,2026-04-15,19:30:00,198.45,198.36,198.45,198.38,7032.0,NVDA
04/15/2026 19:35,2026-04-15,19:35:00,198.49,198.42,198.45,198.42,11926.0,NVDA
04/15/2026 19:40,2026-04-15,19:40:00,198.49,198.44,198.47,198.47,14812.0,NVDA
04/15/2026 19:45,2026-04-15,19:45:00,198.69,198.48,198.62,198.49,28461.0,NVDA
04/15/2026 19:50,2026-04-15,19:50:00,198.65,198.56,198.65,198.61,13039.0,NVDA
04/15/2026 19:55,2026-04-15,19:55:00,198.63,198.45,198.5,198.62,37216.0,NVDA
